"2020-10-11";"23:04:22";"WinControl (rev 1112) report file"
"Time (rel/ms)";"Date";"Time";"Type";"No.";"1:F";"1:Fm'";"1:PAR";"1:Y (II)";"1:ETR"
"0";"";"";"D";"";"Device Nr: #1, DIVING-PAM-II (UWFD0100A) ";""
"0";"2020-10-11";"20:27:21";"SCHS";"";"Chart start ";""
"5";"2020-10-11";"20:27:22";"C";"";"File Nr. 473 | File Dev. ID #1, DIVING-PAM-II:  ";""
"10";"2020-10-11";"20:27:22";"SCHE";"";"Chart stop ";""
"7005";"2020-10-11";"20:27:29";"SPEC";"";"PAR: - 32768; Depth: - 337.4 ";""
"19000";"2020-10-11";"20:27:40";"SCHS";"";"Chart start ";""
"19005";"2020-10-11";"20:27:41";"C";"";"File Nr. 474 | File Dev. ID #1, DIVING-PAM-II:  ";""
"38465";"2020-10-11";"20:28:00";"F";"11868";"6";"18";"0";"-";"-"
"42005";"2020-10-11";"20:28:04";"SPEC";"";"PAR: - 32768; Depth: - 337.4 ";""
"48345";"2020-10-11";"20:28:10";"F";"11869";"8";"15";"0";"-";"-"
"52005";"2020-10-11";"20:28:14";"SPEC";"";"PAR: - 32768; Depth: - 337.4 ";""
"57375";"2020-10-11";"20:28:19";"F";"11870";"5";"13";"0";"-";"-"
"61005";"2020-10-11";"20:28:23";"SPEC";"";"PAR: - 32768; Depth: - 337.4 ";""
"79585";"2020-10-11";"20:28:41";"F";"11871";"6";"16";"0";"-";"-"
"83005";"2020-10-11";"20:28:45";"SPEC";"";"PAR: - 32768; Depth: - 337.4 ";""
"87995";"2020-10-11";"20:28:49";"F";"11872";"8";"12";"0";"-";"-"
"91005";"2020-10-11";"20:28:53";"SPEC";"";"PAR: - 32768; Depth: - 337.4 ";""
"94645";"2020-10-11";"20:28:56";"F";"11873";"8";"15";"0";"-";"-"
"98005";"2020-10-11";"20:29:00";"SPEC";"";"PAR: - 32768; Depth: - 337.4 ";""
"101025";"2020-10-11";"20:29:03";"F";"11874";"4";"12";"0";"-";"-"
"105005";"2020-10-11";"20:29:07";"SPEC";"";"PAR: - 32768; Depth: - 337.4 ";""
"111745";"2020-10-11";"20:29:13";"F";"11875";"9";"15";"0";"-";"-"
"115005";"2020-10-11";"20:29:17";"SPEC";"";"PAR: - 32768; Depth: - 337.4 ";""
"120135";"2020-10-11";"20:29:22";"F";"11876";"6";"12";"0";"-";"-"
"124005";"2020-10-11";"20:29:26";"SPEC";"";"PAR: - 32768; Depth: - 337.4 ";""
"128425";"2020-10-11";"20:29:30";"F";"11877";"1";"11";"0";"-";"-"
"132005";"2020-10-11";"20:29:34";"SPEC";"";"PAR: - 32768; Depth: - 337.4 ";""
"136145";"2020-10-11";"20:29:38";"F";"11878";"3";"16";"0";"-";"-"
"140005";"2020-10-11";"20:29:42";"SPEC";"";"PAR: - 32768; Depth: - 337.4 ";""
"144975";"2020-10-11";"20:29:46";"F";"11879";"0";"14";"0";"-";"-"
"148005";"2020-10-11";"20:29:50";"SPEC";"";"PAR: - 32768; Depth: - 337.4 ";""
"151935";"2020-10-11";"20:29:53";"F";"11880";"7";"14";"0";"-";"-"
"155005";"2020-10-11";"20:29:57";"SPEC";"";"PAR: - 32768; Depth: - 337.4 ";""
"159065";"2020-10-11";"20:30:01";"F";"11881";"6";"18";"0";"-";"-"
"163005";"2020-10-11";"20:30:05";"SPEC";"";"PAR: - 32768; Depth: - 337.4 ";""
"168065";"2020-10-11";"20:30:10";"F";"11882";"0";"20";"0";"-";"-"
"172005";"2020-10-11";"20:30:14";"SPEC";"";"PAR: - 32768; Depth: - 337.4 ";""
"176335";"2020-10-11";"20:30:18";"F";"11883";"5";"13";"0";"-";"-"
"180005";"2020-10-11";"20:30:22";"SPEC";"";"PAR: - 32768; Depth: - 337.4 ";""
"184875";"2020-10-11";"20:30:26";"F";"11884";"7";"10";"0";"-";"-"
"188005";"2020-10-11";"20:30:30";"SPEC";"";"PAR: - 32768; Depth: - 337.4 ";""
"193445";"2020-10-11";"20:30:35";"F";"11885";"4";"17";"0";"-";"-"
"197005";"2020-10-11";"20:30:39";"SPEC";"";"PAR: - 32768; Depth: - 337.4 ";""
"201205";"2020-10-11";"20:30:43";"F";"11886";"6";"15";"0";"-";"-"
"205005";"2020-10-11";"20:30:47";"SPEC";"";"PAR: - 32768; Depth: - 337.4 ";""
"208075";"2020-10-11";"20:30:50";"F";"11887";"0";"15";"0";"-";"-"
"212005";"2020-10-11";"20:30:54";"SPEC";"";"PAR: - 32768; Depth: - 337.4 ";""
"217525";"2020-10-11";"20:30:59";"F";"11888";"8";"16";"0";"-";"-"
"217530";"2020-10-11";"20:30:59";"SCHE";"";"Chart stop ";""
"222005";"2020-10-11";"20:31:04";"SPEC";"";"PAR: - 32768; Depth: - 337.4 ";""
"310000";"2020-10-11";"20:32:31";"SCHS";"";"Chart start ";""
"310005";"2020-10-11";"20:32:32";"C";"";"File Nr. 475 | File Dev. ID #1, DIVING-PAM-II:  ";""
"359095";"2020-10-11";"20:33:21";"F";"11889";"328";"857";"0";"0.617";"0.0"
"364005";"2020-10-11";"20:33:26";"SPEC";"";"PAR: - 32768; Depth: - 337.4 ";""
"366035";"2020-10-11";"20:33:28";"F";"11890";"327";"901";"0";"0.637";"0.0"
"370005";"2020-10-11";"20:33:32";"SPEC";"";"PAR: - 32768; Depth: - 337.4 ";""
"372815";"2020-10-11";"20:33:34";"F";"11891";"10";"18";"0";"-";"-"
"376005";"2020-10-11";"20:33:38";"SPEC";"";"PAR: - 32768; Depth: - 337.4 ";""
"379845";"2020-10-11";"20:33:41";"F";"11892";"130";"553";"0";"0.765";"0.0"
"383005";"2020-10-11";"20:33:45";"SPEC";"";"PAR: - 32768; Depth: - 337.4 ";""
"388375";"2020-10-11";"20:33:50";"F";"11893";"196";"393";"0";"0.501";"0.0"
"392005";"2020-10-11";"20:33:54";"SPEC";"";"PAR: - 32768; Depth: - 337.4 ";""
"395625";"2020-10-11";"20:33:57";"F";"11894";"180";"563";"0";"0.680";"0.0"
"399005";"2020-10-11";"20:34:01";"SPEC";"";"PAR: - 32768; Depth: - 337.4 ";""
"401955";"2020-10-11";"20:34:03";"F";"11895";"241";"558";"0";"0.568";"0.0"
"405005";"2020-10-11";"20:34:07";"SPEC";"";"PAR: - 32768; Depth: - 337.4 ";""
"406185";"2020-10-11";"20:34:08";"F";"11896";"268";"726";"0";"0.631";"0.0"
"410005";"2020-10-11";"20:34:12";"SPEC";"";"PAR: - 32768; Depth: - 337.4 ";""
"411555";"2020-10-11";"20:34:13";"F";"11897";"262";"1070";"0";"0.755";"0.0"
"415005";"2020-10-11";"20:34:17";"SPEC";"";"PAR: - 32768; Depth: - 337.4 ";""
"415485";"2020-10-11";"20:34:17";"F";"11898";"227";"534";"0";"0.575";"0.0"
"419005";"2020-10-11";"20:34:21";"SPEC";"";"PAR: - 32768; Depth: - 337.4 ";""
"422915";"2020-10-11";"20:34:24";"F";"11899";"279";"672";"0";"0.585";"0.0"
"426005";"2020-10-11";"20:34:28";"SPEC";"";"PAR: - 32768; Depth: - 337.4 ";""
"429575";"2020-10-11";"20:34:31";"F";"11900";"287";"751";"0";"0.618";"0.0"
"433005";"2020-10-11";"20:34:35";"SPEC";"";"PAR: - 32768; Depth: - 337.4 ";""
"434995";"2020-10-11";"20:34:36";"F";"11901";"261";"737";"0";"0.646";"0.0"
"438005";"2020-10-11";"20:34:40";"SPEC";"";"PAR: - 32768; Depth: - 337.4 ";""
"443065";"2020-10-11";"20:34:45";"F";"11902";"215";"545";"0";"0.606";"0.0"
"447005";"2020-10-11";"20:34:49";"SPEC";"";"PAR: - 32768; Depth: - 337.4 ";""
"465845";"2020-10-11";"20:35:07";"F";"11903";"202";"553";"0";"0.635";"0.0"
"469005";"2020-10-11";"20:35:11";"SPEC";"";"PAR: - 32768; Depth: - 337.4 ";""
"474845";"2020-10-11";"20:35:16";"F";"11904";"299";"893";"0";"0.665";"0.0"
"478005";"2020-10-11";"20:35:20";"SPEC";"";"PAR: - 32768; Depth: - 337.4 ";""
"479415";"2020-10-11";"20:35:21";"F";"11905";"248";"799";"0";"0.690";"0.0"
"483005";"2020-10-11";"20:35:25";"SPEC";"";"PAR: - 32768; Depth: - 337.4 ";""
"484805";"2020-10-11";"20:35:26";"F";"11906";"298";"774";"0";"0.615";"0.0"
"488005";"2020-10-11";"20:35:30";"SPEC";"";"PAR: - 32768; Depth: - 337.4 ";""
"489735";"2020-10-11";"20:35:31";"F";"11907";"371";"921";"0";"0.597";"0.0"
"493005";"2020-10-11";"20:35:35";"SPEC";"";"PAR: - 32768; Depth: - 337.4 ";""
"495895";"2020-10-11";"20:35:37";"F";"11908";"240";"786";"0";"0.695";"0.0"
"499005";"2020-10-11";"20:35:41";"SPEC";"";"PAR: - 32768; Depth: - 337.4 ";""
"511445";"2020-10-11";"20:35:53";"F";"11909";"183";"546";"0";"0.665";"0.0"
"515005";"2020-10-11";"20:35:57";"SPEC";"";"PAR: - 32768; Depth: - 337.4 ";""
"518025";"2020-10-11";"20:36:00";"F";"11910";"114";"469";"0";"0.757";"0.0"
"522005";"2020-10-11";"20:36:04";"SPEC";"";"PAR: - 32768; Depth: - 337.4 ";""
"525795";"2020-10-11";"20:36:07";"F";"11911";"196";"534";"0";"0.633";"0.0"
"529005";"2020-10-11";"20:36:11";"SPEC";"";"PAR: - 32768; Depth: - 337.4 ";""
"531375";"2020-10-11";"20:36:13";"F";"11912";"219";"599";"0";"0.634";"0.0"
"535005";"2020-10-11";"20:36:17";"SPEC";"";"PAR: - 32768; Depth: - 337.4 ";""
"536275";"2020-10-11";"20:36:18";"F";"11913";"264";"656";"0";"0.598";"0.0"
"540005";"2020-10-11";"20:36:22";"SPEC";"";"PAR: - 32768; Depth: - 337.4 ";""
"541835";"2020-10-11";"20:36:23";"F";"11914";"263";"663";"0";"0.603";"0.0"
"545005";"2020-10-11";"20:36:27";"SPEC";"";"PAR: - 32768; Depth: - 337.4 ";""
"549065";"2020-10-11";"20:36:31";"F";"11915";"268";"610";"0";"0.561";"0.0"
"553005";"2020-10-11";"20:36:35";"SPEC";"";"PAR: - 32768; Depth: - 337.4 ";""
"553915";"2020-10-11";"20:36:35";"F";"11916";"254";"698";"0";"0.636";"0.0"
"557005";"2020-10-11";"20:36:39";"SPEC";"";"PAR: - 32768; Depth: - 337.4 ";""
"564365";"2020-10-11";"20:36:46";"F";"11917";"287";"876";"0";"0.672";"0.0"
"568005";"2020-10-11";"20:36:50";"SPEC";"";"PAR: - 32768; Depth: - 337.4 ";""
"568155";"2020-10-11";"20:36:50";"F";"11918";"273";"782";"0";"0.651";"0.0"
"572005";"2020-10-11";"20:36:54";"SPEC";"";"PAR: - 32768; Depth: - 337.4 ";""
"578755";"2020-10-11";"20:37:00";"F";"11919";"247";"599";"0";"0.588";"0.0"
"582005";"2020-10-11";"20:37:04";"SPEC";"";"PAR: - 32768; Depth: - 337.4 ";""
"585855";"2020-10-11";"20:37:07";"F";"11920";"388";"812";"0";"0.522";"0.0"
"589005";"2020-10-11";"20:37:11";"SPEC";"";"PAR: - 32768; Depth: - 337.4 ";""
"591905";"2020-10-11";"20:37:13";"F";"11921";"242";"681";"0";"0.645";"0.0"
"595005";"2020-10-11";"20:37:17";"SPEC";"";"PAR: - 32768; Depth: - 337.4 ";""
"599425";"2020-10-11";"20:37:21";"F";"11922";"218";"595";"0";"0.634";"0.0"
"603005";"2020-10-11";"20:37:25";"SPEC";"";"PAR: - 32768; Depth: - 337.4 ";""
"605325";"2020-10-11";"20:37:27";"F";"11923";"294";"680";"0";"0.568";"0.0"
"609005";"2020-10-11";"20:37:31";"SPEC";"";"PAR: - 32768; Depth: - 337.4 ";""
"614065";"2020-10-11";"20:37:36";"F";"11924";"258";"688";"0";"0.625";"0.0"
"618005";"2020-10-11";"20:37:40";"SPEC";"";"PAR: - 32768; Depth: - 337.4 ";""
"631125";"2020-10-11";"20:37:53";"F";"11925";"267";"796";"0";"0.665";"0.0"
"635005";"2020-10-11";"20:37:57";"SPEC";"";"PAR: - 32768; Depth: - 337.4 ";""
"635185";"2020-10-11";"20:37:57";"F";"11926";"225";"859";"0";"0.738";"0.0"
"639005";"2020-10-11";"20:38:01";"SPEC";"";"PAR: - 32768; Depth: - 337.4 ";""
"643645";"2020-10-11";"20:38:05";"F";"11927";"292";"847";"0";"0.655";"0.0"
"647005";"2020-10-11";"20:38:09";"SPEC";"";"PAR: - 32768; Depth: - 337.4 ";""
"649865";"2020-10-11";"20:38:11";"F";"11928";"255";"872";"0";"0.708";"0.0"
"653005";"2020-10-11";"20:38:15";"SPEC";"";"PAR: - 32768; Depth: - 337.4 ";""
"656845";"2020-10-11";"20:38:18";"F";"11929";"251";"722";"0";"0.652";"0.0"
"660005";"2020-10-11";"20:38:22";"SPEC";"";"PAR: - 32768; Depth: - 337.4 ";""
"668785";"2020-10-11";"20:38:30";"F";"11930";"241";"682";"0";"0.647";"0.0"
"672005";"2020-10-11";"20:38:34";"SPEC";"";"PAR: - 32768; Depth: - 337.4 ";""
"672525";"2020-10-11";"20:38:34";"F";"11931";"252";"674";"0";"0.626";"0.0"
"676005";"2020-10-11";"20:38:38";"SPEC";"";"PAR: - 32768; Depth: - 337.4 ";""
"680645";"2020-10-11";"20:38:42";"F";"11932";"243";"722";"0";"0.663";"0.0"
"684005";"2020-10-11";"20:38:46";"SPEC";"";"PAR: - 32768; Depth: - 337.4 ";""
"684525";"2020-10-11";"20:38:46";"F";"11933";"200";"510";"0";"0.608";"0.0"
"684530";"2020-10-11";"20:38:46";"SCHE";"";"Chart stop ";""
"688005";"2020-10-11";"20:38:50";"SPEC";"";"PAR: - 32768; Depth: - 337.4 ";""
"729000";"2020-10-11";"20:39:30";"SCHS";"";"Chart start ";""
"729005";"2020-10-11";"20:39:31";"C";"";"File Nr. 476 | File Dev. ID #1, DIVING-PAM-II:  ";""
"757115";"2020-10-11";"20:39:59";"F";"11934";"260";"921";"0";"0.718";"0.0"
"760195";"2020-10-11";"20:40:02";"F";"11935";"364";"982";"0";"0.629";"0.0"
"762005";"2020-10-11";"20:40:04";"SPEC";"";"PAR: - 32768; Depth: - 337.4 ";""
"765005";"2020-10-11";"20:40:07";"SPEC";"";"PAR: - 32768; Depth: - 337.4 ";""
"766615";"2020-10-11";"20:40:08";"F";"11936";"267";"771";"0";"0.654";"0.0"
"769085";"2020-10-11";"20:40:11";"F";"11937";"352";"1094";"0";"0.678";"0.0"
"770005";"2020-10-11";"20:40:12";"SPEC";"";"PAR: - 32768; Depth: - 337.4 ";""
"774005";"2020-10-11";"20:40:16";"SPEC";"";"PAR: - 32768; Depth: - 337.4 ";""
"779155";"2020-10-11";"20:40:21";"F";"11938";"328";"898";"0";"0.635";"0.0"
"782525";"2020-10-11";"20:40:24";"F";"11939";"302";"845";"0";"0.643";"0.0"
"783005";"2020-10-11";"20:40:25";"SPEC";"";"PAR: - 32768; Depth: - 337.4 ";""
"787005";"2020-10-11";"20:40:29";"SPEC";"";"PAR: - 32768; Depth: - 337.4 ";""
"787415";"2020-10-11";"20:40:29";"F";"11940";"274";"853";"0";"0.679";"0.0"
"790855";"2020-10-11";"20:40:32";"F";"11941";"244";"679";"0";"0.641";"0.0"
"792005";"2020-10-11";"20:40:34";"SPEC";"";"PAR: - 32768; Depth: - 337.4 ";""
"795005";"2020-10-11";"20:40:37";"SPEC";"";"PAR: - 32768; Depth: - 337.4 ";""
"797645";"2020-10-11";"20:40:39";"F";"11942";"220";"574";"0";"0.617";"0.0"
"801005";"2020-10-11";"20:40:43";"SPEC";"";"PAR: - 32768; Depth: - 337.4 ";""
"802795";"2020-10-11";"20:40:44";"F";"11943";"267";"722";"0";"0.630";"0.0"
"807005";"2020-10-11";"20:40:49";"SPEC";"";"PAR: - 32768; Depth: - 337.4 ";""
"807665";"2020-10-11";"20:40:49";"F";"11944";"220";"716";"0";"0.693";"0.0"
"810825";"2020-10-11";"20:40:52";"F";"11945";"297";"844";"0";"0.648";"0.0"
"812005";"2020-10-11";"20:40:54";"SPEC";"";"PAR: - 32768; Depth: - 337.4 ";""
"815005";"2020-10-11";"20:40:57";"SPEC";"";"PAR: - 32768; Depth: - 337.4 ";""
"824355";"2020-10-11";"20:41:06";"F";"11946";"249";"676";"0";"0.632";"0.0"
"827095";"2020-10-11";"20:41:09";"F";"11947";"221";"555";"0";"0.602";"0.0"
"828005";"2020-10-11";"20:41:10";"SPEC";"";"PAR: - 32768; Depth: - 337.4 ";""
"832005";"2020-10-11";"20:41:14";"SPEC";"";"PAR: - 32768; Depth: - 337.4 ";""
"832475";"2020-10-11";"20:41:14";"F";"11948";"242";"767";"0";"0.684";"0.0"
"836235";"2020-10-11";"20:41:18";"F";"11949";"238";"593";"0";"0.599";"0.0"
"837005";"2020-10-11";"20:41:19";"SPEC";"";"PAR: - 32768; Depth: - 337.4 ";""
"841005";"2020-10-11";"20:41:23";"SPEC";"";"PAR: - 32768; Depth: - 337.4 ";""
"841975";"2020-10-11";"20:41:23";"F";"11950";"218";"819";"0";"0.734";"0.0"
"845815";"2020-10-11";"20:41:27";"F";"11951";"278";"713";"0";"0.610";"0.0"
"846005";"2020-10-11";"20:41:28";"SPEC";"";"PAR: - 32768; Depth: - 337.4 ";""
"849985";"2020-10-11";"20:41:31";"F";"11952";"194";"777";"0";"0.750";"0.0"
"850005";"2020-10-11";"20:41:32";"SPEC";"";"PAR: - 32768; Depth: - 337.4 ";""
"854005";"2020-10-11";"20:41:36";"SPEC";"";"PAR: - 32768; Depth: - 337.4 ";""
"870595";"2020-10-11";"20:41:52";"F";"11953";"154";"387";"0";"0.602";"0.0"
"875005";"2020-10-11";"20:41:57";"SPEC";"";"PAR: - 32768; Depth: - 337.4 ";""
"877045";"2020-10-11";"20:41:59";"F";"11954";"267";"755";"0";"0.646";"0.0"
"881005";"2020-10-11";"20:42:03";"SPEC";"";"PAR: - 32768; Depth: - 337.4 ";""
"881065";"2020-10-11";"20:42:03";"F";"11955";"281";"754";"0";"0.627";"0.0"
"885005";"2020-10-11";"20:42:07";"SPEC";"";"PAR: - 32768; Depth: - 337.4 ";""
"885785";"2020-10-11";"20:42:07";"F";"11956";"263";"864";"0";"0.696";"0.0"
"890005";"2020-10-11";"20:42:12";"SPEC";"";"PAR: - 32768; Depth: - 337.4 ";""
"891795";"2020-10-11";"20:42:13";"F";"11957";"227";"586";"0";"0.613";"0.0"
"895005";"2020-10-11";"20:42:17";"SPEC";"";"PAR: - 32768; Depth: - 337.4 ";""
"897035";"2020-10-11";"20:42:19";"F";"11958";"258";"727";"0";"0.645";"0.0"
"901265";"2020-10-11";"20:42:23";"F";"11959";"319";"672";"0";"0.525";"0.0"
"902005";"2020-10-11";"20:42:24";"SPEC";"";"PAR: - 32768; Depth: - 337.4 ";""
"906005";"2020-10-11";"20:42:28";"SPEC";"";"PAR: - 32768; Depth: - 337.4 ";""
"907545";"2020-10-11";"20:42:29";"F";"11960";"274";"771";"0";"0.645";"0.0"
"912005";"2020-10-11";"20:42:34";"SPEC";"";"PAR: - 32768; Depth: - 337.4 ";""
"918705";"2020-10-11";"20:42:40";"F";"11961";"232";"605";"0";"0.617";"0.0"
"923005";"2020-10-11";"20:42:45";"SPEC";"";"PAR: - 32768; Depth: - 337.4 ";""
"961655";"2020-10-11";"20:43:23";"F";"11962";"263";"648";"0";"0.594";"0.0"
"966005";"2020-10-11";"20:43:28";"SPEC";"";"PAR: - 32768; Depth: - 337.4 ";""
"972135";"2020-10-11";"20:43:34";"F";"11963";"258";"605";"0";"0.574";"0.0"
"977005";"2020-10-11";"20:43:39";"SPEC";"";"PAR: - 32768; Depth: - 337.4 ";""
"977045";"2020-10-11";"20:43:39";"F";"11964";"225";"688";"0";"0.673";"0.0"
"982005";"2020-10-11";"20:43:44";"SPEC";"";"PAR: - 32768; Depth: - 337.4 ";""
"983455";"2020-10-11";"20:43:45";"F";"11965";"295";"843";"0";"0.650";"0.0"
"987485";"2020-10-11";"20:43:49";"F";"11966";"264";"976";"0";"0.730";"0.0"
"988005";"2020-10-11";"20:43:50";"SPEC";"";"PAR: - 32768; Depth: - 337.4 ";""
"992005";"2020-10-11";"20:43:54";"SPEC";"";"PAR: - 32768; Depth: - 337.4 ";""
"995215";"2020-10-11";"20:43:57";"F";"11967";"320";"1040";"0";"0.692";"0.0"
"1000005";"2020-10-11";"20:44:02";"SPEC";"";"PAR: - 32768; Depth: - 337.4 ";""
"1005405";"2020-10-11";"20:44:07";"F";"11968";"227";"730";"0";"0.689";"0.0"
"1009005";"2020-10-11";"20:44:11";"SPEC";"";"PAR: - 32768; Depth: - 337.4 ";""
"1010995";"2020-10-11";"20:44:12";"F";"11969";"234";"745";"0";"0.686";"0.0"
"1015005";"2020-10-11";"20:44:17";"SPEC";"";"PAR: - 32768; Depth: - 337.4 ";""
"1023035";"2020-10-11";"20:44:25";"F";"11970";"242";"700";"0";"0.654";"0.0"
"1027005";"2020-10-11";"20:44:29";"SPEC";"";"PAR: - 32768; Depth: - 337.4 ";""
"1027715";"2020-10-11";"20:44:29";"F";"11971";"258";"720";"0";"0.642";"0.0"
"1032005";"2020-10-11";"20:44:34";"SPEC";"";"PAR: - 32768; Depth: - 337.4 ";""
"1034985";"2020-10-11";"20:44:36";"F";"11972";"205";"557";"0";"0.632";"0.0"
"1039005";"2020-10-11";"20:44:41";"SPEC";"";"PAR: - 32768; Depth: - 337.4 ";""
"1039785";"2020-10-11";"20:44:41";"F";"11973";"220";"594";"0";"0.630";"0.0"
"1043005";"2020-10-11";"20:44:45";"SPEC";"";"PAR: - 32768; Depth: - 337.4 ";""
"1047305";"2020-10-11";"20:44:49";"F";"11974";"230";"754";"0";"0.695";"0.0"
"1052005";"2020-10-11";"20:44:54";"SPEC";"";"PAR: - 32768; Depth: - 337.4 ";""
"1053535";"2020-10-11";"20:44:55";"F";"11975";"223";"696";"0";"0.680";"0.0"
"1057005";"2020-10-11";"20:44:59";"SPEC";"";"PAR: - 32768; Depth: - 337.4 ";""
"1073095";"2020-10-11";"20:45:15";"F";"11976";"205";"601";"0";"0.659";"0.0"
"1078005";"2020-10-11";"20:45:20";"SPEC";"";"PAR: - 32768; Depth: - 337.4 ";""
"1080525";"2020-10-11";"20:45:22";"F";"11977";"218";"601";"0";"0.637";"0.0"
"1080530";"2020-10-11";"20:45:22";"SCHE";"";"Chart stop ";""
"1085005";"2020-10-11";"20:45:27";"SPEC";"";"PAR: - 32768; Depth: - 337.4 ";""
"1094000";"2020-10-11";"20:45:35";"SCHS";"";"Chart start ";""
"1094005";"2020-10-11";"20:45:36";"C";"";"File Nr. 477 | File Dev. ID #1, DIVING-PAM-II:  ";""
"1216835";"2020-10-11";"20:47:38";"F";"11978";"318";"1024";"0";"0.689";"0.0"
"1221005";"2020-10-11";"20:47:43";"SPEC";"";"PAR: - 32768; Depth: - 337.4 ";""
"1234765";"2020-10-11";"20:47:56";"F";"11979";"237";"720";"0";"0.671";"0.0"
"1238005";"2020-10-11";"20:48:00";"SPEC";"";"PAR: - 32768; Depth: - 337.4 ";""
"1240365";"2020-10-11";"20:48:02";"F";"11980";"279";"476";"0";"0.414";"0.0"
"1244005";"2020-10-11";"20:48:06";"SPEC";"";"PAR: - 32768; Depth: - 337.4 ";""
"1247525";"2020-10-11";"20:48:09";"F";"11981";"322";"1072";"0";"0.700";"0.0"
"1252005";"2020-10-11";"20:48:14";"SPEC";"";"PAR: - 32768; Depth: - 337.4 ";""
"1254115";"2020-10-11";"20:48:16";"F";"11982";"331";"1055";"0";"0.686";"0.0"
"1258005";"2020-10-11";"20:48:20";"SPEC";"";"PAR: - 32768; Depth: - 337.4 ";""
"1260975";"2020-10-11";"20:48:22";"F";"11983";"262";"711";"0";"0.632";"0.0"
"1264005";"2020-10-11";"20:48:26";"SPEC";"";"PAR: - 32768; Depth: - 337.4 ";""
"1268615";"2020-10-11";"20:48:30";"F";"11984";"225";"597";"0";"0.623";"0.0"
"1272005";"2020-10-11";"20:48:34";"SPEC";"";"PAR: - 32768; Depth: - 337.4 ";""
"1274415";"2020-10-11";"20:48:36";"F";"11985";"344";"906";"0";"0.620";"0.0"
"1278005";"2020-10-11";"20:48:40";"SPEC";"";"PAR: - 32768; Depth: - 337.4 ";""
"1279885";"2020-10-11";"20:48:41";"F";"11986";"228";"601";"0";"0.621";"0.0"
"1284005";"2020-10-11";"20:48:46";"SPEC";"";"PAR: - 32768; Depth: - 337.4 ";""
"1286995";"2020-10-11";"20:48:48";"F";"11987";"225";"794";"0";"0.717";"0.0"
"1290005";"2020-10-11";"20:48:52";"SPEC";"";"PAR: - 32768; Depth: - 337.4 ";""
"1313325";"2020-10-11";"20:49:15";"F";"11988";"298";"792";"0";"0.624";"0.0"
"1317005";"2020-10-11";"20:49:19";"SPEC";"";"PAR: - 32768; Depth: - 337.4 ";""
"1319455";"2020-10-11";"20:49:21";"F";"11989";"293";"869";"0";"0.663";"0.0"
"1323005";"2020-10-11";"20:49:25";"SPEC";"";"PAR: - 32768; Depth: - 337.4 ";""
"1344955";"2020-10-11";"20:49:46";"F";"11990";"207";"607";"0";"0.659";"0.0"
"1348005";"2020-10-11";"20:49:50";"SPEC";"";"PAR: - 32768; Depth: - 337.4 ";""
"1352045";"2020-10-11";"20:49:54";"F";"11991";"298";"814";"0";"0.634";"0.0"
"1356005";"2020-10-11";"20:49:58";"SPEC";"";"PAR: - 32768; Depth: - 337.4 ";""
"1359155";"2020-10-11";"20:50:01";"F";"11992";"193";"567";"0";"0.660";"0.0"
"1363005";"2020-10-11";"20:50:05";"SPEC";"";"PAR: - 32768; Depth: - 337.4 ";""
"1368435";"2020-10-11";"20:50:10";"F";"11993";"223";"605";"0";"0.631";"0.0"
"1372005";"2020-10-11";"20:50:14";"SPEC";"";"PAR: - 32768; Depth: - 337.4 ";""
"1382965";"2020-10-11";"20:50:24";"F";"11994";"246";"688";"0";"0.642";"0.0"
"1386005";"2020-10-11";"20:50:28";"SPEC";"";"PAR: - 32768; Depth: - 337.4 ";""
"1386475";"2020-10-11";"20:50:28";"F";"11995";"218";"662";"0";"0.671";"0.0"
"1390005";"2020-10-11";"20:50:32";"SPEC";"";"PAR: - 32768; Depth: - 337.4 ";""
"1392895";"2020-10-11";"20:50:34";"F";"11996";"251";"768";"0";"0.673";"0.0"
"1396005";"2020-10-11";"20:50:38";"SPEC";"";"PAR: - 32768; Depth: - 337.4 ";""
"1396085";"2020-10-11";"20:50:38";"F";"11997";"242";"659";"0";"0.633";"0.0"
"1400005";"2020-10-11";"20:50:42";"SPEC";"";"PAR: - 32768; Depth: - 337.4 ";""
"1401685";"2020-10-11";"20:50:43";"F";"11998";"230";"651";"0";"0.647";"0.0"
"1405005";"2020-10-11";"20:50:47";"SPEC";"";"PAR: - 32768; Depth: - 337.4 ";""
"1411835";"2020-10-11";"20:50:53";"F";"11999";"268";"755";"0";"0.645";"0.0"
"1415005";"2020-10-11";"20:50:57";"SPEC";"";"PAR: - 32768; Depth: - 337.4 ";""
"1416615";"2020-10-11";"20:50:58";"F";"12000";"256";"865";"0";"0.704";"0.0"
"1420005";"2020-10-11";"20:51:02";"SPEC";"";"PAR: - 32768; Depth: - 337.4 ";""
"1420715";"2020-10-11";"20:51:02";"F";"12001";"250";"669";"0";"0.626";"0.0"
"1424005";"2020-10-11";"20:51:06";"SPEC";"";"PAR: - 32768; Depth: - 337.4 ";""
"1425485";"2020-10-11";"20:51:07";"F";"12002";"240";"629";"0";"0.618";"0.0"
"1429005";"2020-10-11";"20:51:11";"SPEC";"";"PAR: - 32768; Depth: - 337.4 ";""
"1429385";"2020-10-11";"20:51:11";"F";"12003";"214";"681";"0";"0.686";"0.0"
"1433005";"2020-10-11";"20:51:15";"SPEC";"";"PAR: - 32768; Depth: - 337.4 ";""
"1435355";"2020-10-11";"20:51:17";"F";"12004";"222";"666";"0";"0.667";"0.0"
"1439005";"2020-10-11";"20:51:21";"SPEC";"";"PAR: - 32768; Depth: - 337.4 ";""
"1444555";"2020-10-11";"20:51:26";"F";"12005";"204";"637";"0";"0.680";"0.0"
"1448005";"2020-10-11";"20:51:30";"SPEC";"";"PAR: - 32768; Depth: - 337.4 ";""
"1450345";"2020-10-11";"20:51:32";"F";"12006";"201";"567";"0";"0.646";"0.0"
"1454005";"2020-10-11";"20:51:36";"SPEC";"";"PAR: - 32768; Depth: - 337.4 ";""
"1454545";"2020-10-11";"20:51:36";"F";"12007";"260";"751";"0";"0.654";"0.0"
"1458005";"2020-10-11";"20:51:40";"SPEC";"";"PAR: - 32768; Depth: - 337.4 ";""
"1462375";"2020-10-11";"20:51:44";"F";"12008";"262";"817";"0";"0.679";"0.0"
"1466005";"2020-10-11";"20:51:48";"SPEC";"";"PAR: - 32768; Depth: - 337.4 ";""
"1466225";"2020-10-11";"20:51:48";"F";"12009";"330";"943";"0";"0.650";"0.0"
"1470005";"2020-10-11";"20:51:52";"SPEC";"";"PAR: - 32768; Depth: - 337.4 ";""
"1473585";"2020-10-11";"20:51:55";"F";"12010";"208";"586";"0";"0.645";"0.0"
"1477005";"2020-10-11";"20:51:59";"SPEC";"";"PAR: - 32768; Depth: - 337.4 ";""
"1478685";"2020-10-11";"20:52:00";"F";"12011";"245";"652";"0";"0.624";"0.0"
"1482005";"2020-10-11";"20:52:04";"SPEC";"";"PAR: - 32768; Depth: - 337.4 ";""
"1487885";"2020-10-11";"20:52:09";"F";"12012";"345";"1015";"0";"0.660";"0.0"
"1491005";"2020-10-11";"20:52:13";"SPEC";"";"PAR: - 32768; Depth: - 337.4 ";""
"1495775";"2020-10-11";"20:52:17";"F";"12013";"206";"715";"0";"0.712";"0.0"
"1499005";"2020-10-11";"20:52:21";"SPEC";"";"PAR: - 32768; Depth: - 337.4 ";""
"1502025";"2020-10-11";"20:52:24";"F";"12014";"260";"823";"0";"0.684";"0.0"
"1506005";"2020-10-11";"20:52:28";"SPEC";"";"PAR: - 32768; Depth: - 337.4 ";""
"1508955";"2020-10-11";"20:52:30";"F";"12015";"246";"578";"0";"0.574";"0.0"
"1512005";"2020-10-11";"20:52:34";"SPEC";"";"PAR: - 32768; Depth: - 337.4 ";""
"1515785";"2020-10-11";"20:52:37";"F";"12016";"143";"497";"0";"0.712";"0.0"
"1519005";"2020-10-11";"20:52:41";"SPEC";"";"PAR: - 32768; Depth: - 337.4 ";""
"1520985";"2020-10-11";"20:52:42";"F";"12017";"207";"484";"0";"0.572";"0.0"
"1524005";"2020-10-11";"20:52:46";"SPEC";"";"PAR: - 32768; Depth: - 337.4 ";""
"1524615";"2020-10-11";"20:52:46";"F";"12018";"228";"655";"0";"0.652";"0.0"
"1528005";"2020-10-11";"20:52:50";"SPEC";"";"PAR: - 32768; Depth: - 337.4 ";""
"1532335";"2020-10-11";"20:52:54";"F";"12019";"254";"679";"0";"0.626";"0.0"
"1536005";"2020-10-11";"20:52:58";"SPEC";"";"PAR: - 32768; Depth: - 337.4 ";""
"1538585";"2020-10-11";"20:53:00";"F";"12020";"224";"635";"0";"0.647";"0.0"
"1538590";"2020-10-11";"20:53:00";"SCHE";"";"Chart stop ";""
"1542005";"2020-10-11";"20:53:04";"SPEC";"";"PAR: - 32768; Depth: - 337.4 ";""
"1595000";"2020-10-11";"20:53:56";"SCHS";"";"Chart start ";""
"1595005";"2020-10-11";"20:53:57";"C";"";"File Nr. 478 | File Dev. ID #1, DIVING-PAM-II:  ";""
"1612995";"2020-10-11";"20:54:14";"F";"12021";"223";"602";"0";"0.630";"0.0"
"1616005";"2020-10-11";"20:54:18";"SPEC";"";"PAR: - 32768; Depth: - 337.4 ";""
"1617575";"2020-10-11";"20:54:19";"F";"12022";"228";"587";"0";"0.612";"0.0"
"1621005";"2020-10-11";"20:54:23";"SPEC";"";"PAR: - 32768; Depth: - 337.4 ";""
"1622525";"2020-10-11";"20:54:24";"F";"12023";"200";"255";"0";"0.216";"0.0"
"1626005";"2020-10-11";"20:54:28";"SPEC";"";"PAR: - 32768; Depth: - 337.4 ";""
"1627495";"2020-10-11";"20:54:29";"F";"12024";"225";"639";"0";"0.648";"0.0"
"1631005";"2020-10-11";"20:54:33";"SPEC";"";"PAR: - 32768; Depth: - 337.4 ";""
"1634955";"2020-10-11";"20:54:36";"F";"12025";"235";"600";"0";"0.608";"0.0"
"1638005";"2020-10-11";"20:54:40";"SPEC";"";"PAR: - 32768; Depth: - 337.4 ";""
"1646895";"2020-10-11";"20:54:48";"F";"12026";"231";"696";"0";"0.668";"0.0"
"1650005";"2020-10-11";"20:54:52";"SPEC";"";"PAR: - 32768; Depth: - 337.4 ";""
"1650845";"2020-10-11";"20:54:52";"F";"12027";"268";"761";"0";"0.648";"0.0"
"1654005";"2020-10-11";"20:54:56";"SPEC";"";"PAR: - 32768; Depth: - 337.4 ";""
"1656025";"2020-10-11";"20:54:58";"F";"12028";"270";"805";"0";"0.665";"0.0"
"1659475";"2020-10-11";"20:55:01";"F";"12029";"184";"582";"0";"0.684";"0.0"
"1660005";"2020-10-11";"20:55:02";"SPEC";"";"PAR: - 32768; Depth: - 337.4 ";""
"1664005";"2020-10-11";"20:55:06";"SPEC";"";"PAR: - 32768; Depth: - 337.4 ";""
"1668095";"2020-10-11";"20:55:10";"F";"12030";"223";"601";"0";"0.629";"0.0"
"1672005";"2020-10-11";"20:55:14";"SPEC";"";"PAR: - 32768; Depth: - 337.4 ";""
"1682175";"2020-10-11";"20:55:24";"F";"12031";"292";"871";"0";"0.665";"0.0"
"1686005";"2020-10-11";"20:55:28";"SPEC";"";"PAR: - 32768; Depth: - 337.4 ";""
"1696085";"2020-10-11";"20:55:38";"F";"12032";"181";"524";"0";"0.655";"0.0"
"1700005";"2020-10-11";"20:55:42";"SPEC";"";"PAR: - 32768; Depth: - 337.4 ";""
"1700415";"2020-10-11";"20:55:42";"F";"12033";"202";"576";"0";"0.649";"0.0"
"1704005";"2020-10-11";"20:55:46";"SPEC";"";"PAR: - 32768; Depth: - 337.4 ";""
"1706855";"2020-10-11";"20:55:48";"F";"12034";"273";"868";"0";"0.685";"0.0"
"1710005";"2020-10-11";"20:55:52";"SPEC";"";"PAR: - 32768; Depth: - 337.4 ";""
"1710565";"2020-10-11";"20:55:52";"F";"12035";"205";"673";"0";"0.695";"0.0"
"1714005";"2020-10-11";"20:55:56";"SPEC";"";"PAR: - 32768; Depth: - 337.4 ";""
"1717525";"2020-10-11";"20:55:59";"F";"12036";"278";"782";"0";"0.645";"0.0"
"1721005";"2020-10-11";"20:56:03";"SPEC";"";"PAR: - 32768; Depth: - 337.4 ";""
"1722255";"2020-10-11";"20:56:04";"F";"12037";"235";"803";"0";"0.707";"0.0"
"1726005";"2020-10-11";"20:56:08";"SPEC";"";"PAR: - 32768; Depth: - 337.4 ";""
"1731815";"2020-10-11";"20:56:13";"F";"12038";"237";"609";"0";"0.611";"0.0"
"1734095";"2020-10-11";"20:56:16";"F";"12039";"264";"743";"0";"0.645";"0.0"
"1735005";"2020-10-11";"20:56:17";"SPEC";"";"PAR: - 32768; Depth: - 337.4 ";""
"1739005";"2020-10-11";"20:56:21";"SPEC";"";"PAR: - 32768; Depth: - 337.4 ";""
"1749155";"2020-10-11";"20:56:31";"F";"12040";"233";"816";"0";"0.714";"0.0"
"1753005";"2020-10-11";"20:56:35";"SPEC";"";"PAR: - 32768; Depth: - 337.4 ";""
"1755525";"2020-10-11";"20:56:37";"F";"12041";"239";"803";"0";"0.702";"0.0"
"1759005";"2020-10-11";"20:56:41";"SPEC";"";"PAR: - 32768; Depth: - 337.4 ";""
"1760965";"2020-10-11";"20:56:42";"F";"12042";"221";"683";"0";"0.676";"0.0"
"1764005";"2020-10-11";"20:56:46";"SPEC";"";"PAR: - 32768; Depth: - 337.4 ";""
"1770045";"2020-10-11";"20:56:52";"F";"12043";"259";"754";"0";"0.656";"0.0"
"1774005";"2020-10-11";"20:56:56";"SPEC";"";"PAR: - 32768; Depth: - 337.4 ";""
"1777185";"2020-10-11";"20:56:59";"F";"12044";"252";"869";"0";"0.710";"0.0"
"1781005";"2020-10-11";"20:57:03";"SPEC";"";"PAR: - 32768; Depth: - 337.4 ";""
"1785605";"2020-10-11";"20:57:07";"F";"12045";"257";"773";"0";"0.668";"0.0"
"1789005";"2020-10-11";"20:57:11";"SPEC";"";"PAR: - 32768; Depth: - 337.4 ";""
"1794585";"2020-10-11";"20:57:16";"F";"12046";"249";"857";"0";"0.709";"0.0"
"1798005";"2020-10-11";"20:57:20";"SPEC";"";"PAR: - 32768; Depth: - 337.4 ";""
"1799025";"2020-10-11";"20:57:21";"F";"12047";"316";"884";"0";"0.643";"0.0"
"1803005";"2020-10-11";"20:57:25";"SPEC";"";"PAR: - 32768; Depth: - 337.4 ";""
"1811715";"2020-10-11";"20:57:33";"F";"12048";"342";"1025";"0";"0.666";"0.0"
"1815005";"2020-10-11";"20:57:37";"SPEC";"";"PAR: - 32768; Depth: - 337.4 ";""
"1819575";"2020-10-11";"20:57:41";"F";"12049";"249";"966";"0";"0.742";"0.0"
"1823005";"2020-10-11";"20:57:45";"SPEC";"";"PAR: - 32768; Depth: - 337.4 ";""
"1829485";"2020-10-11";"20:57:51";"F";"12050";"217";"462";"0";"0.530";"0.0"
"1833005";"2020-10-11";"20:57:55";"SPEC";"";"PAR: - 32768; Depth: - 337.4 ";""
"1838595";"2020-10-11";"20:58:00";"F";"12051";"226";"807";"0";"0.720";"0.0"
"1842005";"2020-10-11";"20:58:04";"SPEC";"";"PAR: - 32768; Depth: - 337.4 ";""
"1851355";"2020-10-11";"20:58:13";"F";"12052";"271";"830";"0";"0.673";"0.0"
"1856005";"2020-10-11";"20:58:18";"SPEC";"";"PAR: - 32768; Depth: - 337.4 ";""
"1859985";"2020-10-11";"20:58:21";"F";"12053";"237";"802";"0";"0.704";"0.0"
"1863005";"2020-10-11";"20:58:25";"SPEC";"";"PAR: - 32768; Depth: - 337.4 ";""
"1865785";"2020-10-11";"20:58:27";"F";"12054";"222";"677";"0";"0.672";"0.0"
"1869005";"2020-10-11";"20:58:31";"SPEC";"";"PAR: - 32768; Depth: - 337.4 ";""
"1870255";"2020-10-11";"20:58:32";"F";"12055";"283";"790";"0";"0.642";"0.0"
"1874005";"2020-10-11";"20:58:36";"SPEC";"";"PAR: - 32768; Depth: - 337.4 ";""
"1888735";"2020-10-11";"20:58:50";"F";"12056";"234";"697";"0";"0.664";"0.0"
"1892005";"2020-10-11";"20:58:54";"SPEC";"";"PAR: - 32768; Depth: - 337.4 ";""
"1892485";"2020-10-11";"20:58:54";"F";"12057";"221";"618";"0";"0.642";"0.0"
"1896005";"2020-10-11";"20:58:58";"SPEC";"";"PAR: - 32768; Depth: - 337.4 ";""
"1903325";"2020-10-11";"20:59:05";"F";"12058";"200";"644";"0";"0.689";"0.0"
"1907005";"2020-10-11";"20:59:09";"SPEC";"";"PAR: - 32768; Depth: - 337.4 ";""
"1910565";"2020-10-11";"20:59:12";"F";"12059";"245";"785";"0";"0.688";"0.0"
"1914005";"2020-10-11";"20:59:16";"SPEC";"";"PAR: - 32768; Depth: - 337.4 ";""
"1922545";"2020-10-11";"20:59:24";"F";"12060";"170";"490";"0";"0.653";"0.0"
"1926005";"2020-10-11";"20:59:28";"SPEC";"";"PAR: - 32768; Depth: - 337.4 ";""
"1930525";"2020-10-11";"20:59:32";"F";"12061";"222";"714";"0";"0.689";"0.0"
"1934005";"2020-10-11";"20:59:36";"SPEC";"";"PAR: - 32768; Depth: - 337.4 ";""
"1943595";"2020-10-11";"20:59:45";"F";"12062";"200";"579";"0";"0.655";"0.0"
"1947005";"2020-10-11";"20:59:49";"SPEC";"";"PAR: - 32768; Depth: - 337.4 ";""
"1953365";"2020-10-11";"20:59:55";"F";"12063";"229";"965";"0";"0.763";"0.0"
"1957005";"2020-10-11";"20:59:59";"SPEC";"";"PAR: - 32768; Depth: - 337.4 ";""
"1959625";"2020-10-11";"21:00:01";"F";"12064";"223";"648";"0";"0.656";"0.0"
"1963005";"2020-10-11";"21:00:05";"SPEC";"";"PAR: - 32768; Depth: - 337.4 ";""
"1990705";"2020-10-11";"21:00:32";"F";"12065";"160";"522";"0";"0.693";"0.0"
"1990710";"2020-10-11";"21:00:32";"SCHE";"";"Chart stop ";""
"1994005";"2020-10-11";"21:00:36";"SPEC";"";"PAR: - 32768; Depth: - 337.4 ";""
"2089000";"2020-10-11";"21:02:10";"SCHS";"";"Chart start ";""
"2089005";"2020-10-11";"21:02:11";"C";"";"File Nr. 479 | File Dev. ID #1, DIVING-PAM-II:  ";""
"2110125";"2020-10-11";"21:02:32";"F";"12066";"323";"1056";"0";"0.694";"0.0"
"2114005";"2020-10-11";"21:02:36";"SPEC";"";"PAR: - 32768; Depth: - 337.4 ";""
"2118065";"2020-10-11";"21:02:40";"F";"12067";"294";"947";"0";"0.690";"0.0"
"2123005";"2020-10-11";"21:02:45";"SPEC";"";"PAR: - 32768; Depth: - 337.4 ";""
"2125955";"2020-10-11";"21:02:47";"F";"12068";"199";"585";"0";"0.660";"0.0"
"2129005";"2020-10-11";"21:02:51";"SPEC";"";"PAR: - 32768; Depth: - 337.4 ";""
"2135045";"2020-10-11";"21:02:57";"F";"12069";"262";"724";"0";"0.638";"0.0"
"2139005";"2020-10-11";"21:03:01";"SPEC";"";"PAR: - 32768; Depth: - 337.4 ";""
"2149345";"2020-10-11";"21:03:11";"F";"12070";"271";"859";"0";"0.685";"0.0"
"2153005";"2020-10-11";"21:03:15";"SPEC";"";"PAR: - 32768; Depth: - 337.4 ";""
"2154405";"2020-10-11";"21:03:16";"F";"12071";"262";"698";"0";"0.625";"0.0"
"2159005";"2020-10-11";"21:03:21";"SPEC";"";"PAR: - 32768; Depth: - 337.4 ";""
"2159545";"2020-10-11";"21:03:21";"F";"12072";"210";"837";"0";"0.749";"0.0"
"2163005";"2020-10-11";"21:03:25";"SPEC";"";"PAR: - 32768; Depth: - 337.4 ";""
"2165965";"2020-10-11";"21:03:27";"F";"12073";"295";"751";"0";"0.607";"0.0"
"2170005";"2020-10-11";"21:03:32";"SPEC";"";"PAR: - 32768; Depth: - 337.4 ";""
"2185465";"2020-10-11";"21:03:47";"F";"12074";"212";"587";"0";"0.639";"0.0"
"2189005";"2020-10-11";"21:03:51";"SPEC";"";"PAR: - 32768; Depth: - 337.4 ";""
"2197085";"2020-10-11";"21:03:59";"F";"12075";"230";"645";"0";"0.643";"0.0"
"2201005";"2020-10-11";"21:04:03";"SPEC";"";"PAR: - 32768; Depth: - 337.4 ";""
"2210755";"2020-10-11";"21:04:12";"F";"12076";"233";"789";"0";"0.705";"0.0"
"2214005";"2020-10-11";"21:04:16";"SPEC";"";"PAR: - 32768; Depth: - 337.4 ";""
"2235525";"2020-10-11";"21:04:37";"F";"12077";"135";"343";"0";"0.606";"0.0"
"2240005";"2020-10-11";"21:04:42";"SPEC";"";"PAR: - 32768; Depth: - 337.4 ";""
"2241495";"2020-10-11";"21:04:43";"F";"12078";"204";"846";"0";"0.759";"0.0"
"2246005";"2020-10-11";"21:04:48";"SPEC";"";"PAR: - 32768; Depth: - 337.4 ";""
"2246245";"2020-10-11";"21:04:48";"F";"12079";"214";"575";"0";"0.628";"0.0"
"2251005";"2020-10-11";"21:04:53";"SPEC";"";"PAR: - 32768; Depth: - 337.4 ";""
"2251425";"2020-10-11";"21:04:53";"F";"12080";"350";"1060";"0";"0.670";"0.0"
"2256005";"2020-10-11";"21:04:58";"SPEC";"";"PAR: - 32768; Depth: - 337.4 ";""
"2263455";"2020-10-11";"21:05:05";"F";"12081";"211";"616";"0";"0.657";"0.0"
"2267245";"2020-10-11";"21:05:09";"F";"12082";"257";"927";"0";"0.723";"0.0"
"2268005";"2020-10-11";"21:05:10";"SPEC";"";"PAR: - 32768; Depth: - 337.4 ";""
"2272005";"2020-10-11";"21:05:14";"SPEC";"";"PAR: - 32768; Depth: - 337.4 ";""
"2274975";"2020-10-11";"21:05:16";"F";"12083";"257";"763";"0";"0.663";"0.0"
"2279005";"2020-10-11";"21:05:21";"SPEC";"";"PAR: - 32768; Depth: - 337.4 ";""
"2279065";"2020-10-11";"21:05:21";"F";"12084";"243";"763";"0";"0.682";"0.0"
"2284005";"2020-10-11";"21:05:26";"SPEC";"";"PAR: - 32768; Depth: - 337.4 ";""
"2285355";"2020-10-11";"21:05:27";"F";"12085";"303";"974";"0";"0.689";"0.0"
"2289005";"2020-10-11";"21:05:31";"SPEC";"";"PAR: - 32768; Depth: - 337.4 ";""
"2293685";"2020-10-11";"21:05:35";"F";"12086";"187";"513";"0";"0.635";"0.0"
"2298005";"2020-10-11";"21:05:40";"SPEC";"";"PAR: - 32768; Depth: - 337.4 ";""
"2300795";"2020-10-11";"21:05:42";"F";"12087";"224";"878";"0";"0.745";"0.0"
"2305005";"2020-10-11";"21:05:47";"SPEC";"";"PAR: - 32768; Depth: - 337.4 ";""
"2308405";"2020-10-11";"21:05:50";"F";"12088";"204";"530";"0";"0.615";"0.0"
"2313005";"2020-10-11";"21:05:55";"SPEC";"";"PAR: - 32768; Depth: - 337.4 ";""
"2314525";"2020-10-11";"21:05:56";"F";"12089";"205";"584";"0";"0.649";"0.0"
"2319005";"2020-10-11";"21:06:01";"SPEC";"";"PAR: - 32768; Depth: - 337.4 ";""
"2324525";"2020-10-11";"21:06:06";"F";"12090";"150";"403";"0";"0.628";"0.0"
"2328005";"2020-10-11";"21:06:10";"SPEC";"";"PAR: - 32768; Depth: - 337.4 ";""
"2334955";"2020-10-11";"21:06:16";"F";"12091";"153";"413";"0";"0.630";"0.0"
"2339005";"2020-10-11";"21:06:21";"SPEC";"";"PAR: - 32768; Depth: - 337.4 ";""
"2343955";"2020-10-11";"21:06:25";"F";"12092";"239";"780";"0";"0.694";"0.0"
"2348005";"2020-10-11";"21:06:30";"SPEC";"";"PAR: - 32768; Depth: - 337.4 ";""
"2354685";"2020-10-11";"21:06:36";"F";"12093";"262";"721";"0";"0.637";"0.0"
"2358005";"2020-10-11";"21:06:40";"SPEC";"";"PAR: - 32768; Depth: - 337.4 ";""
"2368755";"2020-10-11";"21:06:50";"F";"12094";"202";"489";"0";"0.587";"0.0"
"2372005";"2020-10-11";"21:06:54";"SPEC";"";"PAR: - 32768; Depth: - 337.4 ";""
"2386025";"2020-10-11";"21:07:08";"F";"12095";"304";"865";"0";"0.649";"0.0"
"2390005";"2020-10-11";"21:07:12";"SPEC";"";"PAR: - 32768; Depth: - 337.4 ";""
"2396435";"2020-10-11";"21:07:18";"F";"12096";"288";"835";"0";"0.655";"0.0"
"2400005";"2020-10-11";"21:07:22";"SPEC";"";"PAR: - 32768; Depth: - 337.4 ";""
"2405175";"2020-10-11";"21:07:27";"F";"12097";"319";"945";"0";"0.662";"0.0"
"2409005";"2020-10-11";"21:07:31";"SPEC";"";"PAR: - 32768; Depth: - 337.4 ";""
"2418635";"2020-10-11";"21:07:40";"F";"12098";"284";"792";"0";"0.641";"0.0"
"2422005";"2020-10-11";"21:07:44";"SPEC";"";"PAR: - 32768; Depth: - 337.4 ";""
"2422635";"2020-10-11";"21:07:44";"F";"12099";"237";"614";"0";"0.614";"0.0"
"2426005";"2020-10-11";"21:07:48";"SPEC";"";"PAR: - 32768; Depth: - 337.4 ";""
"2428765";"2020-10-11";"21:07:50";"F";"12100";"149";"427";"0";"0.651";"0.0"
"2432005";"2020-10-11";"21:07:54";"SPEC";"";"PAR: - 32768; Depth: - 337.4 ";""
"2433735";"2020-10-11";"21:07:55";"F";"12101";"153";"493";"0";"0.690";"0.0"
"2438005";"2020-10-11";"21:08:00";"SPEC";"";"PAR: - 32768; Depth: - 337.4 ";""
"2440835";"2020-10-11";"21:08:02";"F";"12102";"242";"770";"0";"0.686";"0.0"
"2445005";"2020-10-11";"21:08:07";"SPEC";"";"PAR: - 32768; Depth: - 337.4 ";""
"2445145";"2020-10-11";"21:08:07";"F";"12103";"229";"851";"0";"0.731";"0.0"
"2449005";"2020-10-11";"21:08:11";"SPEC";"";"PAR: - 32768; Depth: - 337.4 ";""
"2451355";"2020-10-11";"21:08:13";"F";"12104";"187";"517";"0";"0.638";"0.0"
"2456005";"2020-10-11";"21:08:18";"SPEC";"";"PAR: - 32768; Depth: - 337.4 ";""
"2458705";"2020-10-11";"21:08:20";"F";"12105";"200";"584";"0";"0.658";"0.0"
"2462005";"2020-10-11";"21:08:24";"SPEC";"";"PAR: - 32768; Depth: - 337.4 ";""
"2462965";"2020-10-11";"21:08:24";"F";"12106";"237";"564";"0";"0.580";"0.0"
"2466005";"2020-10-11";"21:08:28";"SPEC";"";"PAR: - 32768; Depth: - 337.4 ";""
"2471895";"2020-10-11";"21:08:33";"F";"12107";"195";"629";"0";"0.690";"0.0"
"2475005";"2020-10-11";"21:08:37";"SPEC";"";"PAR: - 32768; Depth: - 337.4 ";""
"2475995";"2020-10-11";"21:08:37";"F";"12108";"249";"817";"0";"0.695";"0.0"
"2480005";"2020-10-11";"21:08:42";"SPEC";"";"PAR: - 32768; Depth: - 337.4 ";""
"2486565";"2020-10-11";"21:08:48";"F";"12109";"206";"996";"0";"0.793";"0.0"
"2490005";"2020-10-11";"21:08:52";"SPEC";"";"PAR: - 32768; Depth: - 337.4 ";""
"2490735";"2020-10-11";"21:08:52";"F";"12110";"191";"534";"0";"0.642";"0.0"
"2495005";"2020-10-11";"21:08:57";"SPEC";"";"PAR: - 32768; Depth: - 337.4 ";""
"2497125";"2020-10-11";"21:08:59";"F";"12111";"241";"834";"0";"0.711";"0.0"
"2501005";"2020-10-11";"21:09:03";"SPEC";"";"PAR: - 32768; Depth: - 337.4 ";""
"2515435";"2020-10-11";"21:09:17";"F";"12112";"162";"442";"0";"0.633";"0.0"
"2515440";"2020-10-11";"21:09:17";"SCHE";"";"Chart stop ";""
"2519005";"2020-10-11";"21:09:21";"SPEC";"";"PAR: - 32768; Depth: - 337.4 ";""
"2561000";"2020-10-11";"21:10:02";"SCHS";"";"Chart start ";""
"2561005";"2020-10-11";"21:10:03";"C";"";"File Nr. 480 | File Dev. ID #1, DIVING-PAM-II:  ";""
"2661185";"2020-10-11";"21:11:43";"F";"12113";"233";"807";"0";"0.711";"0.0"
"2666005";"2020-10-11";"21:11:48";"SPEC";"";"PAR: - 32768; Depth: - 337.4 ";""
"2672755";"2020-10-11";"21:11:54";"F";"12114";"164";"462";"0";"0.645";"0.0"
"2676005";"2020-10-11";"21:11:58";"SPEC";"";"PAR: - 32768; Depth: - 337.4 ";""
"2677095";"2020-10-11";"21:11:59";"F";"12115";"266";"991";"0";"0.732";"0.0"
"2682005";"2020-10-11";"21:12:04";"SPEC";"";"PAR: - 32768; Depth: - 337.4 ";""
"2702615";"2020-10-11";"21:12:24";"F";"12116";"135";"381";"0";"0.646";"0.0"
"2707005";"2020-10-11";"21:12:29";"SPEC";"";"PAR: - 32768; Depth: - 337.4 ";""
"2710705";"2020-10-11";"21:12:32";"F";"12117";"331";"1218";"0";"0.728";"0.0"
"2715005";"2020-10-11";"21:12:37";"SPEC";"";"PAR: - 32768; Depth: - 337.4 ";""
"2719025";"2020-10-11";"21:12:41";"F";"12118";"118";"342";"0";"0.655";"0.0"
"2723005";"2020-10-11";"21:12:45";"SPEC";"";"PAR: - 32768; Depth: - 337.4 ";""
"2742235";"2020-10-11";"21:13:04";"F";"12119";"310";"783";"0";"0.604";"0.0"
"2747005";"2020-10-11";"21:13:09";"SPEC";"";"PAR: - 32768; Depth: - 337.4 ";""
"2747705";"2020-10-11";"21:13:09";"F";"12120";"284";"974";"0";"0.708";"0.0"
"2751005";"2020-10-11";"21:13:13";"SPEC";"";"PAR: - 32768; Depth: - 337.4 ";""
"2761725";"2020-10-11";"21:13:23";"F";"12121";"264";"863";"0";"0.694";"0.0"
"2765095";"2020-10-11";"21:13:27";"F";"12122";"240";"702";"0";"0.658";"0.0"
"2766005";"2020-10-11";"21:13:28";"SPEC";"";"PAR: - 32768; Depth: - 337.4 ";""
"2770005";"2020-10-11";"21:13:32";"SPEC";"";"PAR: - 32768; Depth: - 337.4 ";""
"2776705";"2020-10-11";"21:13:38";"F";"12123";"160";"438";"0";"0.635";"0.0"
"2781005";"2020-10-11";"21:13:43";"SPEC";"";"PAR: - 32768; Depth: - 337.4 ";""
"2786365";"2020-10-11";"21:13:48";"F";"12124";"172";"611";"0";"0.718";"0.0"
"2791005";"2020-10-11";"21:13:53";"SPEC";"";"PAR: - 32768; Depth: - 337.4 ";""
"2791485";"2020-10-11";"21:13:53";"F";"12125";"259";"1011";"0";"0.744";"0.0"
"2796005";"2020-10-11";"21:13:58";"SPEC";"";"PAR: - 32768; Depth: - 337.4 ";""
"2797125";"2020-10-11";"21:13:59";"F";"12126";"226";"632";"0";"0.642";"0.0"
"2802005";"2020-10-11";"21:14:04";"SPEC";"";"PAR: - 32768; Depth: - 337.4 ";""
"2805215";"2020-10-11";"21:14:07";"F";"12127";"326";"987";"0";"0.670";"0.0"
"2810005";"2020-10-11";"21:14:12";"SPEC";"";"PAR: - 32768; Depth: - 337.4 ";""
"2814275";"2020-10-11";"21:14:16";"F";"12128";"155";"430";"0";"0.640";"0.0"
"2818455";"2020-10-11";"21:14:20";"F";"12129";"208";"556";"0";"0.626";"0.0"
"2819005";"2020-10-11";"21:14:21";"SPEC";"";"PAR: - 32768; Depth: - 337.4 ";""
"2823005";"2020-10-11";"21:14:25";"SPEC";"";"PAR: - 32768; Depth: - 337.4 ";""
"2823135";"2020-10-11";"21:14:25";"F";"12130";"256";"750";"0";"0.659";"0.0"
"2827755";"2020-10-11";"21:14:29";"F";"12131";"224";"590";"0";"0.620";"0.0"
"2828005";"2020-10-11";"21:14:30";"SPEC";"";"PAR: - 32768; Depth: - 337.4 ";""
"2832005";"2020-10-11";"21:14:34";"SPEC";"";"PAR: - 32768; Depth: - 337.4 ";""
"2838975";"2020-10-11";"21:14:40";"F";"12132";"202";"539";"0";"0.625";"0.0"
"2843005";"2020-10-11";"21:14:45";"SPEC";"";"PAR: - 32768; Depth: - 337.4 ";""
"2843185";"2020-10-11";"21:14:45";"F";"12133";"228";"706";"0";"0.677";"0.0"
"2848005";"2020-10-11";"21:14:50";"SPEC";"";"PAR: - 32768; Depth: - 337.4 ";""
"2849465";"2020-10-11";"21:14:51";"F";"12134";"230";"654";"0";"0.648";"0.0"
"2853525";"2020-10-11";"21:14:55";"F";"12135";"211";"555";"0";"0.620";"0.0"
"2854005";"2020-10-11";"21:14:56";"SPEC";"";"PAR: - 32768; Depth: - 337.4 ";""
"2858005";"2020-10-11";"21:15:00";"SPEC";"";"PAR: - 32768; Depth: - 337.4 ";""
"2860575";"2020-10-11";"21:15:02";"F";"12136";"260";"697";"0";"0.627";"0.0"
"2863485";"2020-10-11";"21:15:05";"F";"12137";"281";"764";"0";"0.632";"0.0"
"2864005";"2020-10-11";"21:15:06";"SPEC";"";"PAR: - 32768; Depth: - 337.4 ";""
"2868005";"2020-10-11";"21:15:10";"SPEC";"";"PAR: - 32768; Depth: - 337.4 ";""
"2871965";"2020-10-11";"21:15:13";"F";"12138";"229";"763";"0";"0.700";"0.0"
"2876005";"2020-10-11";"21:15:18";"SPEC";"";"PAR: - 32768; Depth: - 337.4 ";""
"2876425";"2020-10-11";"21:15:18";"F";"12139";"202";"508";"0";"0.602";"0.0"
"2881005";"2020-10-11";"21:15:23";"SPEC";"";"PAR: - 32768; Depth: - 337.4 ";""
"2883545";"2020-10-11";"21:15:25";"F";"12140";"180";"390";"0";"0.538";"0.0"
"2888005";"2020-10-11";"21:15:30";"SPEC";"";"PAR: - 32768; Depth: - 337.4 ";""
"2904975";"2020-10-11";"21:15:46";"F";"12141";"205";"553";"0";"0.629";"0.0"
"2908005";"2020-10-11";"21:15:50";"SPEC";"";"PAR: - 32768; Depth: - 337.4 ";""
"2910775";"2020-10-11";"21:15:52";"F";"12142";"218";"644";"0";"0.661";"0.0"
"2914005";"2020-10-11";"21:15:56";"SPEC";"";"PAR: - 32768; Depth: - 337.4 ";""
"2923885";"2020-10-11";"21:16:05";"F";"12143";"192";"496";"0";"0.613";"0.0"
"2927635";"2020-10-11";"21:16:09";"F";"12144";"198";"560";"0";"0.646";"0.0"
"2928005";"2020-10-11";"21:16:10";"SPEC";"";"PAR: - 32768; Depth: - 337.4 ";""
"2932005";"2020-10-11";"21:16:14";"SPEC";"";"PAR: - 32768; Depth: - 337.4 ";""
"2932525";"2020-10-11";"21:16:14";"F";"12145";"263";"826";"0";"0.682";"0.0"
"2937005";"2020-10-11";"21:16:19";"SPEC";"";"PAR: - 32768; Depth: - 337.4 ";""
"2942585";"2020-10-11";"21:16:24";"F";"12146";"195";"518";"0";"0.624";"0.0"
"2947005";"2020-10-11";"21:16:29";"SPEC";"";"PAR: - 32768; Depth: - 337.4 ";""
"2959935";"2020-10-11";"21:16:41";"F";"12147";"207";"654";"0";"0.683";"0.0"
"2963705";"2020-10-11";"21:16:45";"F";"12148";"203";"582";"0";"0.651";"0.0"
"2964005";"2020-10-11";"21:16:46";"SPEC";"";"PAR: - 32768; Depth: - 337.4 ";""
"2968005";"2020-10-11";"21:16:50";"SPEC";"";"PAR: - 32768; Depth: - 337.4 ";""
"2973225";"2020-10-11";"21:16:55";"F";"12149";"250";"596";"0";"0.581";"0.0"
"2978005";"2020-10-11";"21:17:00";"SPEC";"";"PAR: - 32768; Depth: - 337.4 ";""
"2982655";"2020-10-11";"21:17:04";"F";"12150";"280";"703";"0";"0.602";"0.0"
"2987005";"2020-10-11";"21:17:09";"SPEC";"";"PAR: - 32768; Depth: - 337.4 ";""
"2999845";"2020-10-11";"21:17:21";"F";"12151";"213";"599";"0";"0.644";"0.0"
"3004005";"2020-10-11";"21:17:26";"SPEC";"";"PAR: - 32768; Depth: - 337.4 ";""
"3008025";"2020-10-11";"21:17:30";"F";"12152";"277";"854";"0";"0.676";"0.0"
"3011155";"2020-10-11";"21:17:33";"F";"12153";"213";"534";"0";"0.601";"0.0"
"3013005";"2020-10-11";"21:17:35";"SPEC";"";"PAR: - 32768; Depth: - 337.4 ";""
"3016005";"2020-10-11";"21:17:38";"SPEC";"";"PAR: - 32768; Depth: - 337.4 ";""
"3022835";"2020-10-11";"21:17:44";"F";"12154";"276";"800";"0";"0.655";"0.0"
"3026095";"2020-10-11";"21:17:48";"F";"12155";"235";"673";"0";"0.651";"0.0"
"3027005";"2020-10-11";"21:17:49";"SPEC";"";"PAR: - 32768; Depth: - 337.4 ";""
"3031005";"2020-10-11";"21:17:53";"SPEC";"";"PAR: - 32768; Depth: - 337.4 ";""
"3057555";"2020-10-11";"21:18:19";"F";"12156";"174";"511";"0";"0.659";"0.0"
"3062005";"2020-10-11";"21:18:24";"SPEC";"";"PAR: - 32768; Depth: - 337.4 ";""
"3062975";"2020-10-11";"21:18:24";"F";"12157";"194";"542";"0";"0.642";"0.0"
"3062980";"2020-10-11";"21:18:24";"SCHE";"";"Chart stop ";""
"3066005";"2020-10-11";"21:18:28";"SPEC";"";"PAR: - 32768; Depth: - 337.4 ";""
"3071000";"2020-10-11";"21:18:32";"SCHS";"";"Chart start ";""
"3071005";"2020-10-11";"21:18:33";"C";"";"File Nr. 481 | File Dev. ID #1, DIVING-PAM-II:  ";""
"3071010";"2020-10-11";"21:18:33";"SCHE";"";"Chart stop ";""
"3086005";"2020-10-11";"21:18:48";"SPEC";"";"PAR: - 32768; Depth: - 337.4 ";""
"3107000";"2020-10-11";"21:19:08";"SCHS";"";"Chart start ";""
"3107005";"2020-10-11";"21:19:09";"C";"";"File Nr. 482 | File Dev. ID #1, DIVING-PAM-II:  ";""
"3122325";"2020-10-11";"21:19:24";"F";"12158";"2";"14";"0";"-";"-"
"3127005";"2020-10-11";"21:19:29";"SPEC";"";"PAR: - 32768; Depth: - 337.4 ";""
"3132545";"2020-10-11";"21:19:34";"F";"12159";"5";"14";"0";"-";"-"
"3136005";"2020-10-11";"21:19:38";"SPEC";"";"PAR: - 32768; Depth: - 337.4 ";""
"3142065";"2020-10-11";"21:19:44";"F";"12160";"0";"21";"0";"-";"-"
"3146005";"2020-10-11";"21:19:48";"SPEC";"";"PAR: - 32768; Depth: - 337.4 ";""
"3152455";"2020-10-11";"21:19:54";"F";"12161";"6";"15";"0";"-";"-"
"3156005";"2020-10-11";"21:19:58";"SPEC";"";"PAR: - 32768; Depth: - 337.4 ";""
"3176665";"2020-10-11";"21:20:18";"F";"12162";"2";"14";"0";"-";"-"
"3180005";"2020-10-11";"21:20:22";"SPEC";"";"PAR: - 32768; Depth: - 337.4 ";""
"3188685";"2020-10-11";"21:20:30";"F";"12163";"7";"17";"0";"-";"-"
"3192005";"2020-10-11";"21:20:34";"SPEC";"";"PAR: - 32768; Depth: - 337.4 ";""
"3195115";"2020-10-11";"21:20:37";"F";"12164";"5";"17";"0";"-";"-"
"3199005";"2020-10-11";"21:20:41";"SPEC";"";"PAR: - 32768; Depth: - 337.4 ";""
"3202435";"2020-10-11";"21:20:44";"F";"12165";"7";"13";"0";"-";"-"
"3206005";"2020-10-11";"21:20:48";"SPEC";"";"PAR: - 32768; Depth: - 337.4 ";""
"3216525";"2020-10-11";"21:20:58";"F";"12166";"9";"15";"0";"-";"-"
"3220005";"2020-10-11";"21:21:02";"SPEC";"";"PAR: - 32768; Depth: - 337.4 ";""
"3222735";"2020-10-11";"21:21:04";"F";"12167";"6";"17";"0";"-";"-"
"3226005";"2020-10-11";"21:21:08";"SPEC";"";"PAR: - 32768; Depth: - 337.4 ";""
"3229805";"2020-10-11";"21:21:11";"F";"12168";"0";"11";"0";"-";"-"
"3233005";"2020-10-11";"21:21:15";"SPEC";"";"PAR: - 32768; Depth: - 337.4 ";""
"3238855";"2020-10-11";"21:21:20";"F";"12169";"0";"14";"0";"-";"-"
"3242005";"2020-10-11";"21:21:24";"SPEC";"";"PAR: - 32768; Depth: - 337.4 ";""
"3247025";"2020-10-11";"21:21:29";"F";"12170";"11";"11";"0";"-";"-"
"3251005";"2020-10-11";"21:21:33";"SPEC";"";"PAR: - 32768; Depth: - 337.4 ";""
"3255345";"2020-10-11";"21:21:37";"F";"12171";"3";"13";"0";"-";"-"
"3259005";"2020-10-11";"21:21:41";"SPEC";"";"PAR: - 32768; Depth: - 337.4 ";""
"3262025";"2020-10-11";"21:21:44";"F";"12172";"8";"21";"0";"-";"-"
"3266005";"2020-10-11";"21:21:48";"SPEC";"";"PAR: - 32768; Depth: - 337.4 ";""
"3270945";"2020-10-11";"21:21:52";"F";"12173";"5";"13";"0";"-";"-"
"3274005";"2020-10-11";"21:21:56";"SPEC";"";"PAR: - 32768; Depth: - 337.4 ";""
"3281845";"2020-10-11";"21:22:03";"F";"12174";"8";"15";"0";"-";"-"
"3285005";"2020-10-11";"21:22:07";"SPEC";"";"PAR: - 32768; Depth: - 337.4 ";""
"3291245";"2020-10-11";"21:22:13";"F";"12175";"8";"19";"0";"-";"-"
"3296005";"2020-10-11";"21:22:18";"SPEC";"";"PAR: - 32768; Depth: - 337.4 ";""
"3301315";"2020-10-11";"21:22:23";"F";"12176";"8";"16";"0";"-";"-"
"3305005";"2020-10-11";"21:22:27";"SPEC";"";"PAR: - 32768; Depth: - 337.4 ";""
"3309255";"2020-10-11";"21:22:31";"F";"12177";"2";"9";"0";"-";"-"
"3309260";"2020-10-11";"21:22:31";"SCHE";"";"Chart stop ";""
"3313005";"2020-10-11";"21:22:35";"SPEC";"";"PAR: - 32768; Depth: - 337.4 ";""
