"2020-10-10";"22:35:02";"WinControl (rev 1112) report file"
"Time (rel/ms)";"Date";"Time";"Type";"No.";"1:F";"1:Fm'";"1:PAR";"1:Y (II)";"1:ETR"
"0";"";"";"D";"";"Device Nr: #1, DIVING-PAM-II (UWFD0100A) ";""
"0";"2020-10-10";"18:31:22";"SCHS";"";"Chart start ";""
"5";"2020-10-10";"18:31:23";"C";"";"File Nr. 434 | File Dev. ID #1, DIVING-PAM-II:  ";""
"10";"2020-10-10";"18:31:23";"SCHE";"";"Chart stop ";""
"1672000";"2020-10-10";"18:59:14";"SCHS";"";"Chart start ";""
"1672005";"2020-10-10";"18:59:15";"C";"";"File Nr. 435 | File Dev. ID #1, DIVING-PAM-II:  ";""
"1672010";"2020-10-10";"18:59:15";"SCHE";"";"Chart stop ";""
"1722000";"2020-10-10";"19:00:04";"SCHS";"";"Chart start ";""
"1722005";"2020-10-10";"19:00:05";"C";"";"File Nr. 436 | File Dev. ID #1, DIVING-PAM-II:  ";""
"1875415";"2020-10-10";"19:02:38";"F";"10900";"58";"67";"0";"0.134";"0.0"
"1879005";"2020-10-10";"19:02:42";"SPEC";"";"PAR: - 32768; Depth: 0.1; Temp.: 28.1 ";""
"1883415";"2020-10-10";"19:02:46";"F";"10901";"41";"72";"0";"0.431";"0.0"
"1887005";"2020-10-10";"19:02:50";"SPEC";"";"PAR: - 32768; Depth: 0.1; Temp.: 28.1 ";""
"1891215";"2020-10-10";"19:02:54";"F";"10902";"42";"59";"0";"0.288";"0.0"
"1894005";"2020-10-10";"19:02:57";"SPEC";"";"PAR: - 32768; Depth: 0.1; Temp.: 28.1 ";""
"1898525";"2020-10-10";"19:03:01";"F";"10903";"90";"153";"0";"0.412";"0.0"
"1902005";"2020-10-10";"19:03:05";"SPEC";"";"PAR: - 32768; Depth: 0.1; Temp.: 28.2 ";""
"1906655";"2020-10-10";"19:03:09";"F";"10904";"35";"51";"0";"0.314";"0.0"
"1910005";"2020-10-10";"19:03:13";"SPEC";"";"PAR: - 32768; Depth: 0.1; Temp.: 28.2 ";""
"1916305";"2020-10-10";"19:03:19";"F";"10905";"26";"43";"0";"-";"-"
"1920005";"2020-10-10";"19:03:23";"SPEC";"";"PAR: - 32768; Depth: 0.1; Temp.: 28.2 ";""
"1925735";"2020-10-10";"19:03:28";"F";"10906";"432";"495";"0";"0.127";"0.0"
"1929005";"2020-10-10";"19:03:32";"SPEC";"";"PAR: - 32768; Depth: 0.1; Temp.: 28.2 ";""
"1932665";"2020-10-10";"19:03:35";"F";"10907";"324";"439";"0";"0.262";"0.0"
"1936005";"2020-10-10";"19:03:39";"SPEC";"";"PAR: - 32768; Depth: 0.1; Temp.: 28.3 ";""
"1939485";"2020-10-10";"19:03:42";"F";"10908";"173";"214";"0";"0.192";"0.0"
"1943005";"2020-10-10";"19:03:46";"SPEC";"";"PAR: - 32768; Depth: 0.1; Temp.: 28.3 ";""
"1949435";"2020-10-10";"19:03:52";"F";"10909";"275";"333";"0";"0.174";"0.0"
"1953005";"2020-10-10";"19:03:56";"SPEC";"";"PAR: - 32768; Depth: 0.1; Temp.: 28.3 ";""
"1954875";"2020-10-10";"19:03:57";"F";"10910";"118";"125";"0";"0.056";"0.0"
"1958005";"2020-10-10";"19:04:01";"SPEC";"";"PAR: - 32768; Depth: 0.1; Temp.: 28.4 ";""
"1960965";"2020-10-10";"19:04:03";"F";"10911";"108";"135";"0";"0.200";"0.0"
"1964005";"2020-10-10";"19:04:07";"SPEC";"";"PAR: - 32768; Depth: 0.1; Temp.: 28.4 ";""
"1968405";"2020-10-10";"19:04:11";"F";"10912";"113";"136";"0";"0.169";"0.0"
"1972005";"2020-10-10";"19:04:15";"SPEC";"";"PAR: - 32768; Depth: 0.1; Temp.: 28.4 ";""
"1976345";"2020-10-10";"19:04:19";"F";"10913";"64";"67";"0";"0.045";"0.0"
"1980005";"2020-10-10";"19:04:23";"SPEC";"";"PAR: - 32768; Depth: 0.1; Temp.: 28.4 ";""
"1982335";"2020-10-10";"19:04:25";"F";"10914";"212";"212";"0";"0.000";"0.0"
"1986005";"2020-10-10";"19:04:29";"SPEC";"";"PAR: - 32768; Depth: 0.1; Temp.: 28.5 ";""
"1992745";"2020-10-10";"19:04:35";"F";"10915";"110";"133";"0";"0.173";"0.0"
"1996005";"2020-10-10";"19:04:39";"SPEC";"";"PAR: - 32768; Depth: 0.1; Temp.: 28.5 ";""
"1998145";"2020-10-10";"19:04:41";"F";"10916";"211";"284";"0";"0.257";"0.0"
"2002005";"2020-10-10";"19:04:45";"SPEC";"";"PAR: - 32768; Depth: 0.1; Temp.: 28.5 ";""
"2005645";"2020-10-10";"19:04:48";"F";"10917";"69";"86";"0";"0.198";"0.0"
"2009005";"2020-10-10";"19:04:52";"SPEC";"";"PAR: - 32768; Depth: 0.1; Temp.: 28.6 ";""
"2010975";"2020-10-10";"19:04:53";"F";"10918";"50";"63";"0";"0.206";"0.0"
"2014005";"2020-10-10";"19:04:57";"SPEC";"";"PAR: - 32768; Depth: 0.1; Temp.: 28.6 ";""
"2016925";"2020-10-10";"19:04:59";"F";"10919";"195";"195";"0";"0.000";"0.0"
"2020005";"2020-10-10";"19:05:03";"SPEC";"";"PAR: - 32768; Depth: 0.1; Temp.: 28.6 ";""
"2023045";"2020-10-10";"19:05:06";"F";"10920";"101";"136";"0";"0.257";"0.0"
"2027005";"2020-10-10";"19:05:10";"SPEC";"";"PAR: - 32768; Depth: 0.1; Temp.: 28.6 ";""
"2033735";"2020-10-10";"19:05:16";"F";"10921";"110";"125";"0";"0.120";"0.0"
"2037005";"2020-10-10";"19:05:20";"SPEC";"";"PAR: - 32768; Depth: 0.1; Temp.: 28.6 ";""
"2041895";"2020-10-10";"19:05:24";"F";"10922";"87";"87";"0";"0.000";"0.0"
"2045005";"2020-10-10";"19:05:28";"SPEC";"";"PAR: - 32768; Depth: 0.1; Temp.: 28.7 ";""
"2046315";"2020-10-10";"19:05:29";"F";"10923";"86";"131";"0";"0.344";"0.0"
"2050005";"2020-10-10";"19:05:33";"SPEC";"";"PAR: - 32768; Depth: 0.1; Temp.: 28.7 ";""
"2053195";"2020-10-10";"19:05:36";"F";"10924";"89";"112";"0";"0.205";"0.0"
"2057005";"2020-10-10";"19:05:40";"SPEC";"";"PAR: - 32768; Depth: 0.1; Temp.: 28.7 ";""
"2063885";"2020-10-10";"19:05:46";"F";"10925";"18";"27";"0";"-";"-"
"2067005";"2020-10-10";"19:05:50";"SPEC";"";"PAR: - 32768; Depth: 0.1; Temp.: 28.7 ";""
"2073315";"2020-10-10";"19:05:56";"F";"10926";"47";"97";"0";"0.515";"0.0"
"2077005";"2020-10-10";"19:06:00";"SPEC";"";"PAR: - 32768; Depth: 0.1; Temp.: 28.7 ";""
"2082245";"2020-10-10";"19:06:05";"F";"10927";"103";"133";"0";"0.226";"0.0"
"2086005";"2020-10-10";"19:06:09";"SPEC";"";"PAR: - 32768; Depth: 0.1; Temp.: 28.8 ";""
"2092075";"2020-10-10";"19:06:15";"F";"10928";"26";"44";"0";"-";"-"
"2096005";"2020-10-10";"19:06:19";"SPEC";"";"PAR: - 32768; Depth: 0.1; Temp.: 28.8 ";""
"2100525";"2020-10-10";"19:06:23";"F";"10929";"73";"89";"0";"0.180";"0.0"
"2105005";"2020-10-10";"19:06:28";"SPEC";"";"PAR: - 32768; Depth: 0.1; Temp.: 28.8 ";""
"2109475";"2020-10-10";"19:06:32";"F";"10930";"171";"171";"0";"0.000";"0.0"
"2114005";"2020-10-10";"19:06:37";"SPEC";"";"PAR: - 32768; Depth: 0.1; Temp.: 28.8 ";""
"2133455";"2020-10-10";"19:06:56";"F";"10931";"187";"214";"0";"0.126";"0.0"
"2133460";"2020-10-10";"19:06:56";"SCHE";"";"Chart stop ";""
"2137005";"2020-10-10";"19:07:00";"SPEC";"";"PAR: - 32768; Depth: 0.1; Temp.: 28.8 ";""
"2240000";"2020-10-10";"19:08:42";"SCHS";"";"Chart start ";""
"2240005";"2020-10-10";"19:08:43";"C";"";"File Nr. 437 | File Dev. ID #1, DIVING-PAM-II:  ";""
"2274825";"2020-10-10";"19:09:17";"F";"10932";"89";"123";"0";"0.276";"0.0"
"2278005";"2020-10-10";"19:09:21";"SPEC";"";"PAR: - 32768; Depth: 0.1; Temp.: 29.0 ";""
"2286085";"2020-10-10";"19:09:29";"F";"10933";"55";"78";"0";"0.295";"0.0"
"2290005";"2020-10-10";"19:09:33";"SPEC";"";"PAR: - 32768; Depth: 0.1; Temp.: 29.1 ";""
"2298545";"2020-10-10";"19:09:41";"F";"10934";"305";"372";"0";"0.180";"0.0"
"2302005";"2020-10-10";"19:09:45";"SPEC";"";"PAR: - 32768; Depth: 0.1; Temp.: 29.1 ";""
"2307185";"2020-10-10";"19:09:50";"F";"10935";"191";"256";"0";"0.254";"0.0"
"2311005";"2020-10-10";"19:09:54";"SPEC";"";"PAR: - 32768; Depth: 0.1; Temp.: 29.1 ";""
"2328165";"2020-10-10";"19:10:11";"F";"10936";"41";"67";"0";"0.388";"0.0"
"2332005";"2020-10-10";"19:10:15";"SPEC";"";"PAR: - 32768; Depth: 0.1; Temp.: 29.2 ";""
"2341975";"2020-10-10";"19:10:24";"F";"10937";"30";"52";"0";"0.423";"0.0"
"2345005";"2020-10-10";"19:10:28";"SPEC";"";"PAR: - 32768; Depth: 0.1; Temp.: 29.2 ";""
"2360135";"2020-10-10";"19:10:43";"F";"10938";"188";"236";"0";"0.203";"0.0"
"2364005";"2020-10-10";"19:10:47";"SPEC";"";"PAR: - 32768; Depth: 0.1; Temp.: 29.2 ";""
"2369575";"2020-10-10";"19:10:52";"F";"10939";"96";"295";"0";"0.675";"0.0"
"2373005";"2020-10-10";"19:10:56";"SPEC";"";"PAR: - 32768; Depth: 0.1; Temp.: 29.2 ";""
"2376255";"2020-10-10";"19:10:59";"F";"10940";"262";"324";"0";"0.191";"0.0"
"2380005";"2020-10-10";"19:11:03";"SPEC";"";"PAR: - 32768; Depth: 0.1; Temp.: 29.3 ";""
"2386025";"2020-10-10";"19:11:09";"F";"10941";"88";"122";"0";"0.279";"0.0"
"2390005";"2020-10-10";"19:11:13";"SPEC";"";"PAR: - 32768; Depth: 0.1; Temp.: 29.3 ";""
"2394415";"2020-10-10";"19:11:17";"F";"10942";"164";"192";"0";"0.146";"0.0"
"2398005";"2020-10-10";"19:11:21";"SPEC";"";"PAR: - 32768; Depth: 0.1; Temp.: 29.3 ";""
"2401235";"2020-10-10";"19:11:24";"F";"10943";"56";"90";"0";"0.378";"0.0"
"2405005";"2020-10-10";"19:11:28";"SPEC";"";"PAR: - 32768; Depth: 0.1; Temp.: 29.3 ";""
"2421905";"2020-10-10";"19:11:44";"F";"10944";"33";"57";"0";"0.421";"0.0"
"2425005";"2020-10-10";"19:11:48";"SPEC";"";"PAR: - 32768; Depth: 0.1; Temp.: 29.4 ";""
"2428065";"2020-10-10";"19:11:51";"F";"10945";"65";"86";"0";"0.244";"0.0"
"2432005";"2020-10-10";"19:11:55";"SPEC";"";"PAR: - 32768; Depth: 0.1; Temp.: 29.4 ";""
"2433985";"2020-10-10";"19:11:56";"F";"10946";"102";"133";"0";"0.233";"0.0"
"2437005";"2020-10-10";"19:12:00";"SPEC";"";"PAR: - 32768; Depth: 0.1; Temp.: 29.4 ";""
"2444825";"2020-10-10";"19:12:07";"F";"10947";"84";"84";"0";"0.000";"0.0"
"2448005";"2020-10-10";"19:12:11";"SPEC";"";"PAR: - 32768; Depth: 0.1; Temp.: 29.5 ";""
"2451745";"2020-10-10";"19:12:14";"F";"10948";"116";"152";"0";"0.237";"0.0"
"2455005";"2020-10-10";"19:12:18";"SPEC";"";"PAR: - 32768; Depth: 0.1; Temp.: 29.5 ";""
"2464085";"2020-10-10";"19:12:27";"F";"10949";"95";"115";"0";"0.174";"0.0"
"2468005";"2020-10-10";"19:12:31";"SPEC";"";"PAR: - 32768; Depth: 0.1; Temp.: 29.5 ";""
"2474085";"2020-10-10";"19:12:37";"F";"10950";"117";"163";"0";"0.282";"0.0"
"2478005";"2020-10-10";"19:12:41";"SPEC";"";"PAR: - 32768; Depth: 0.1; Temp.: 29.5 ";""
"2482865";"2020-10-10";"19:12:45";"F";"10951";"90";"133";"0";"0.323";"0.0"
"2486005";"2020-10-10";"19:12:49";"SPEC";"";"PAR: - 32768; Depth: 0.1; Temp.: 29.5 ";""
"2492235";"2020-10-10";"19:12:55";"F";"10952";"184";"224";"0";"0.179";"0.0"
"2496005";"2020-10-10";"19:12:59";"SPEC";"";"PAR: - 32768; Depth: 0.1; Temp.: 29.6 ";""
"2510695";"2020-10-10";"19:13:13";"F";"10953";"130";"158";"0";"0.177";"0.0"
"2514005";"2020-10-10";"19:13:17";"SPEC";"";"PAR: - 32768; Depth: 0.1; Temp.: 29.6 ";""
"2518715";"2020-10-10";"19:13:21";"F";"10954";"134";"167";"0";"0.198";"0.0"
"2522005";"2020-10-10";"19:13:25";"SPEC";"";"PAR: - 32768; Depth: 0.1; Temp.: 29.6 ";""
"2524165";"2020-10-10";"19:13:27";"F";"10955";"668";"733";"0";"0.089";"0.0"
"2528005";"2020-10-10";"19:13:31";"SPEC";"";"PAR: - 32768; Depth: 0.1; Temp.: 29.6 ";""
"2543525";"2020-10-10";"19:13:46";"F";"10956";"342";"391";"0";"0.125";"0.0"
"2547005";"2020-10-10";"19:13:50";"SPEC";"";"PAR: - 32768; Depth: 0.1; Temp.: 29.7 ";""
"2557915";"2020-10-10";"19:14:00";"F";"10957";"11";"50";"0";"0.780";"0.0"
"2561005";"2020-10-10";"19:14:04";"SPEC";"";"PAR: - 32768; Depth: 0.1; Temp.: 29.7 ";""
"2566465";"2020-10-10";"19:14:09";"F";"10958";"37";"51";"0";"0.275";"0.0"
"2570005";"2020-10-10";"19:14:13";"SPEC";"";"PAR: - 32768; Depth: 0.1; Temp.: 29.7 ";""
"2576025";"2020-10-10";"19:14:19";"F";"10959";"29";"57";"0";"0.491";"0.0"
"2580005";"2020-10-10";"19:14:23";"SPEC";"";"PAR: - 32768; Depth: 0.1; Temp.: 29.7 ";""
"2586855";"2020-10-10";"19:14:29";"F";"10960";"227";"250";"0";"0.092";"0.0"
"2590005";"2020-10-10";"19:14:33";"SPEC";"";"PAR: - 32768; Depth: 0.1; Temp.: 29.7 ";""
"2592295";"2020-10-10";"19:14:35";"F";"10961";"171";"242";"0";"0.293";"0.0"
"2596005";"2020-10-10";"19:14:39";"SPEC";"";"PAR: - 32768; Depth: 0.1; Temp.: 29.8 ";""
"2599405";"2020-10-10";"19:14:42";"F";"10962";"156";"213";"0";"0.268";"0.0"
"2599410";"2020-10-10";"19:14:42";"SCHE";"";"Chart stop ";""
"2602005";"2020-10-10";"19:14:45";"SPEC";"";"PAR: - 32768; Depth: 0.1; Temp.: 29.7 ";""
"2635000";"2020-10-10";"19:15:17";"SCHS";"";"Chart start ";""
"2635005";"2020-10-10";"19:15:18";"C";"";"File Nr. 438 | File Dev. ID #1, DIVING-PAM-II:  ";""
"2649055";"2020-10-10";"19:15:32";"F";"10963";"377";"378";"0";"0.003";"0.0"
"2653005";"2020-10-10";"19:15:36";"SPEC";"";"PAR: - 32768; Depth: 0.1; Temp.: 29.8 ";""
"2658385";"2020-10-10";"19:15:41";"F";"10964";"741";"859";"0";"0.137";"0.0"
"2662005";"2020-10-10";"19:15:45";"SPEC";"";"PAR: - 32768; Depth: 0.1; Temp.: 29.8 ";""
"2680605";"2020-10-10";"19:16:03";"F";"10965";"171";"196";"0";"0.128";"0.0"
"2684005";"2020-10-10";"19:16:07";"SPEC";"";"PAR: - 32768; Depth: 0.1; Temp.: 29.8 ";""
"2686535";"2020-10-10";"19:16:09";"F";"10966";"173";"211";"0";"0.180";"0.0"
"2690005";"2020-10-10";"19:16:13";"SPEC";"";"PAR: - 32768; Depth: 0.1; Temp.: 29.8 ";""
"2693095";"2020-10-10";"19:16:16";"F";"10967";"36";"47";"0";"-";"-"
"2697005";"2020-10-10";"19:16:20";"SPEC";"";"PAR: - 32768; Depth: 0.1; Temp.: 29.8 ";""
"2701715";"2020-10-10";"19:16:24";"F";"10968";"49";"70";"0";"0.300";"0.0"
"2705005";"2020-10-10";"19:16:28";"SPEC";"";"PAR: - 32768; Depth: 0.1; Temp.: 29.8 ";""
"2719785";"2020-10-10";"19:16:42";"F";"10969";"56";"88";"0";"0.364";"0.0"
"2723005";"2020-10-10";"19:16:46";"SPEC";"";"PAR: - 32768; Depth: 0.1; Temp.: 29.9 ";""
"2736365";"2020-10-10";"19:16:59";"F";"10970";"21";"42";"0";"-";"-"
"2740005";"2020-10-10";"19:17:03";"SPEC";"";"PAR: - 32768; Depth: 0.1; Temp.: 29.9 ";""
"2748605";"2020-10-10";"19:17:11";"F";"10971";"407";"492";"0";"0.173";"0.0"
"2752005";"2020-10-10";"19:17:15";"SPEC";"";"PAR: - 32768; Depth: 0.1; Temp.: 29.9 ";""
"2758415";"2020-10-10";"19:17:21";"F";"10972";"179";"272";"0";"0.342";"0.0"
"2762005";"2020-10-10";"19:17:25";"SPEC";"";"PAR: - 32768; Depth: 0.1; Temp.: 29.9 ";""
"2765995";"2020-10-10";"19:17:28";"F";"10973";"539";"597";"0";"0.097";"0.0"
"2770005";"2020-10-10";"19:17:33";"SPEC";"";"PAR: - 32768; Depth: 0.1; Temp.: 29.9 ";""
"2772115";"2020-10-10";"19:17:35";"F";"10974";"399";"481";"0";"0.170";"0.0"
"2776005";"2020-10-10";"19:17:39";"SPEC";"";"PAR: - 32768; Depth: 0.1; Temp.: 29.9 ";""
"2780815";"2020-10-10";"19:17:43";"F";"10975";"268";"343";"0";"0.219";"0.0"
"2784005";"2020-10-10";"19:17:47";"SPEC";"";"PAR: - 32768; Depth: 0.1; Temp.: 29.9 ";""
"2788475";"2020-10-10";"19:17:51";"F";"10976";"526";"611";"0";"0.139";"0.0"
"2792005";"2020-10-10";"19:17:55";"SPEC";"";"PAR: - 32768; Depth: 0.1; Temp.: 29.9 ";""
"2796335";"2020-10-10";"19:17:59";"F";"10977";"110";"132";"0";"0.167";"0.0"
"2800005";"2020-10-10";"19:18:03";"SPEC";"";"PAR: - 32768; Depth: 0.1; Temp.: 29.9 ";""
"2805525";"2020-10-10";"19:18:08";"F";"10978";"22";"35";"0";"-";"-"
"2809005";"2020-10-10";"19:18:12";"SPEC";"";"PAR: - 32768; Depth: 0.1; Temp.: 29.9 ";""
"2812075";"2020-10-10";"19:18:15";"F";"10979";"29";"50";"0";"0.420";"0.0"
"2816005";"2020-10-10";"19:18:19";"SPEC";"";"PAR: - 32768; Depth: 0.1; Temp.: 29.9 ";""
"2819865";"2020-10-10";"19:18:22";"F";"10980";"63";"74";"0";"0.149";"0.0"
"2823005";"2020-10-10";"19:18:26";"SPEC";"";"PAR: - 32768; Depth: 0.1; Temp.: 29.9 ";""
"2829355";"2020-10-10";"19:18:32";"F";"10981";"145";"226";"0";"0.358";"0.0"
"2833005";"2020-10-10";"19:18:36";"SPEC";"";"PAR: - 32768; Depth: 0.1; Temp.: 29.9 ";""
"2835165";"2020-10-10";"19:18:38";"F";"10982";"240";"407";"0";"0.410";"0.0"
"2839005";"2020-10-10";"19:18:42";"SPEC";"";"PAR: - 32768; Depth: 0.1; Temp.: 29.9 ";""
"2840645";"2020-10-10";"19:18:43";"F";"10983";"488";"492";"0";"0.008";"0.0"
"2845005";"2020-10-10";"19:18:48";"SPEC";"";"PAR: - 32768; Depth: 0.1; Temp.: 30.0 ";""
"2855965";"2020-10-10";"19:18:58";"F";"10984";"483";"526";"0";"0.082";"0.0"
"2859005";"2020-10-10";"19:19:02";"SPEC";"";"PAR: - 32768; Depth: 0.1; Temp.: 30.0 ";""
"2867945";"2020-10-10";"19:19:10";"F";"10985";"239";"272";"0";"0.121";"0.0"
"2871005";"2020-10-10";"19:19:14";"SPEC";"";"PAR: - 32768; Depth: 0.1; Temp.: 30.0 ";""
"2876175";"2020-10-10";"19:19:19";"F";"10986";"126";"190";"0";"0.337";"0.0"
"2881005";"2020-10-10";"19:19:24";"SPEC";"";"PAR: - 32768; Depth: 0.1; Temp.: 30.0 ";""
"2884835";"2020-10-10";"19:19:27";"F";"10987";"530";"627";"0";"0.155";"0.0"
"2889005";"2020-10-10";"19:19:32";"SPEC";"";"PAR: - 32768; Depth: 0.1; Temp.: 30.0 ";""
"2895605";"2020-10-10";"19:19:38";"F";"10988";"388";"471";"0";"0.176";"0.0"
"2900005";"2020-10-10";"19:19:43";"SPEC";"";"PAR: - 32768; Depth: 0.1; Temp.: 30.0 ";""
"2905865";"2020-10-10";"19:19:48";"F";"10989";"370";"401";"0";"0.077";"0.0"
"2910005";"2020-10-10";"19:19:53";"SPEC";"";"PAR: - 32768; Depth: 0.1; Temp.: 30.0 ";""
"2912975";"2020-10-10";"19:19:55";"F";"10990";"328";"366";"0";"0.104";"0.0"
"2916005";"2020-10-10";"19:19:59";"SPEC";"";"PAR: - 32768; Depth: 0.1; Temp.: 30.0 ";""
"2920915";"2020-10-10";"19:20:03";"F";"10991";"161";"198";"0";"0.187";"0.0"
"2924005";"2020-10-10";"19:20:07";"SPEC";"";"PAR: - 32768; Depth: 0.1; Temp.: 30.0 ";""
"2926065";"2020-10-10";"19:20:09";"F";"10992";"149";"179";"0";"0.168";"0.0"
"2926070";"2020-10-10";"19:20:09";"SCHE";"";"Chart stop ";""
"2931005";"2020-10-10";"19:20:14";"SPEC";"";"PAR: - 32768; Depth: 0.1; Temp.: 30.0 ";""
"2950000";"2020-10-10";"19:20:32";"SCHS";"";"Chart start ";""
"2950005";"2020-10-10";"19:20:33";"C";"";"File Nr. 439 | File Dev. ID #1, DIVING-PAM-II:  ";""
"2994635";"2020-10-10";"19:21:17";"F";"10993";"205";"277";"0";"0.260";"0.0"
"2998005";"2020-10-10";"19:21:21";"SPEC";"";"PAR: - 32768; Depth: 0.1; Temp.: 30.0 ";""
"3001275";"2020-10-10";"19:21:24";"F";"10994";"163";"201";"0";"0.189";"0.0"
"3006005";"2020-10-10";"19:21:29";"SPEC";"";"PAR: - 32768; Depth: 0.1; Temp.: 30.1 ";""
"3007075";"2020-10-10";"19:21:30";"F";"10995";"502";"557";"0";"0.099";"0.0"
"3011005";"2020-10-10";"19:21:34";"SPEC";"";"PAR: - 32768; Depth: 0.1; Temp.: 30.1 ";""
"3013475";"2020-10-10";"19:21:36";"F";"10996";"400";"496";"0";"0.194";"0.0"
"3017005";"2020-10-10";"19:21:40";"SPEC";"";"PAR: - 32768; Depth: 0.1; Temp.: 30.1 ";""
"3019475";"2020-10-10";"19:21:42";"F";"10997";"200";"258";"0";"0.225";"0.0"
"3023005";"2020-10-10";"19:21:46";"SPEC";"";"PAR: - 32768; Depth: 0.1; Temp.: 30.1 ";""
"3024195";"2020-10-10";"19:21:47";"F";"10998";"158";"190";"0";"0.168";"0.0"
"3028005";"2020-10-10";"19:21:51";"SPEC";"";"PAR: - 32768; Depth: 0.1; Temp.: 30.1 ";""
"3035385";"2020-10-10";"19:21:58";"F";"10999";"304";"304";"0";"0.000";"0.0"
"3039005";"2020-10-10";"19:22:02";"SPEC";"";"PAR: - 32768; Depth: 0.1; Temp.: 30.1 ";""
"3040435";"2020-10-10";"19:22:03";"F";"11000";"287";"357";"0";"0.196";"0.0"
"3045005";"2020-10-10";"19:22:08";"SPEC";"";"PAR: - 32768; Depth: 0.1; Temp.: 30.1 ";""
"3046055";"2020-10-10";"19:22:09";"F";"11001";"355";"439";"0";"0.191";"0.0"
"3050005";"2020-10-10";"19:22:13";"SPEC";"";"PAR: - 32768; Depth: 0.1; Temp.: 30.1 ";""
"3053135";"2020-10-10";"19:22:16";"F";"11002";"291";"335";"0";"0.131";"0.0"
"3057005";"2020-10-10";"19:22:20";"SPEC";"";"PAR: - 32768; Depth: 0.1; Temp.: 30.1 ";""
"3058825";"2020-10-10";"19:22:21";"F";"11003";"304";"360";"0";"0.156";"0.0"
"3062005";"2020-10-10";"19:22:25";"SPEC";"";"PAR: - 32768; Depth: 0.1; Temp.: 30.1 ";""
"3063995";"2020-10-10";"19:22:26";"F";"11004";"522";"573";"0";"0.089";"0.0"
"3068005";"2020-10-10";"19:22:31";"SPEC";"";"PAR: - 32768; Depth: 0.1; Temp.: 30.1 ";""
"3069095";"2020-10-10";"19:22:32";"F";"11005";"444";"493";"0";"0.099";"0.0"
"3073005";"2020-10-10";"19:22:36";"SPEC";"";"PAR: - 32768; Depth: 0.1; Temp.: 30.1 ";""
"3075265";"2020-10-10";"19:22:38";"F";"11006";"245";"348";"0";"0.296";"0.0"
"3079005";"2020-10-10";"19:22:42";"SPEC";"";"PAR: - 32768; Depth: 0.1; Temp.: 30.1 ";""
"3082095";"2020-10-10";"19:22:45";"F";"11007";"400";"458";"0";"0.127";"0.0"
"3086005";"2020-10-10";"19:22:49";"SPEC";"";"PAR: - 32768; Depth: 0.1; Temp.: 30.1 ";""
"3091525";"2020-10-10";"19:22:54";"F";"11008";"183";"233";"0";"0.215";"0.0"
"3095005";"2020-10-10";"19:22:58";"SPEC";"";"PAR: - 32768; Depth: 0.1; Temp.: 30.1 ";""
"3106635";"2020-10-10";"19:23:09";"F";"11009";"85";"85";"0";"0.000";"0.0"
"3110005";"2020-10-10";"19:23:13";"SPEC";"";"PAR: - 32768; Depth: 0.1; Temp.: 30.1 ";""
"3110115";"2020-10-10";"19:23:13";"F";"11010";"172";"246";"0";"0.301";"0.0"
"3114005";"2020-10-10";"19:23:17";"SPEC";"";"PAR: - 32768; Depth: 0.1; Temp.: 30.1 ";""
"3121385";"2020-10-10";"19:23:24";"F";"11011";"266";"286";"0";"0.070";"0.0"
"3125005";"2020-10-10";"19:23:28";"SPEC";"";"PAR: - 32768; Depth: 0.1; Temp.: 30.1 ";""
"3127035";"2020-10-10";"19:23:30";"F";"11012";"624";"801";"0";"0.221";"0.0"
"3131005";"2020-10-10";"19:23:34";"SPEC";"";"PAR: - 32768; Depth: 0.1; Temp.: 30.1 ";""
"3140385";"2020-10-10";"19:23:43";"F";"11013";"231";"275";"0";"0.160";"0.0"
"3144005";"2020-10-10";"19:23:47";"SPEC";"";"PAR: - 32768; Depth: 0.1; Temp.: 30.1 ";""
"3147865";"2020-10-10";"19:23:50";"F";"11014";"166";"197";"0";"0.157";"0.0"
"3151005";"2020-10-10";"19:23:54";"SPEC";"";"PAR: - 32768; Depth: 0.1; Temp.: 30.1 ";""
"3157365";"2020-10-10";"19:24:00";"F";"11015";"717";"827";"0";"0.133";"0.0"
"3161005";"2020-10-10";"19:24:04";"SPEC";"";"PAR: - 32768; Depth: 0.1; Temp.: 30.1 ";""
"3164605";"2020-10-10";"19:24:07";"F";"11016";"675";"780";"0";"0.135";"0.0"
"3168005";"2020-10-10";"19:24:11";"SPEC";"";"PAR: - 32768; Depth: 0.1; Temp.: 30.1 ";""
"3172815";"2020-10-10";"19:24:15";"F";"11017";"314";"369";"0";"0.149";"0.0"
"3176005";"2020-10-10";"19:24:19";"SPEC";"";"PAR: - 32768; Depth: 0.1; Temp.: 30.1 ";""
"3180335";"2020-10-10";"19:24:23";"F";"11018";"329";"391";"0";"0.159";"0.0"
"3184005";"2020-10-10";"19:24:27";"SPEC";"";"PAR: - 32768; Depth: 0.1; Temp.: 30.1 ";""
"3186925";"2020-10-10";"19:24:29";"F";"11019";"376";"376";"0";"0.000";"0.0"
"3190005";"2020-10-10";"19:24:33";"SPEC";"";"PAR: - 32768; Depth: 0.1; Temp.: 30.2 ";""
"3192595";"2020-10-10";"19:24:35";"F";"11020";"345";"421";"0";"0.181";"0.0"
"3196005";"2020-10-10";"19:24:39";"SPEC";"";"PAR: - 32768; Depth: 0.1; Temp.: 30.2 ";""
"3201615";"2020-10-10";"19:24:44";"F";"11021";"549";"689";"0";"0.203";"0.0"
"3201620";"2020-10-10";"19:24:44";"SCHE";"";"Chart stop ";""
"3205005";"2020-10-10";"19:24:48";"SPEC";"";"PAR: - 32768; Depth: 0.1; Temp.: 30.1 ";""
"14564431";"2020-10-10";"22:34:07";"SLCS";"";"Light Curve start ";""
"14565134";"2020-10-10";"22:34:08";"SCHS";"";"Chart start ";""
"14565135";"2020-10-10";"22:34:08";"FO";"11022";"0";"4";"0";"-";"-"
"14585133";"2020-10-10";"22:34:28";"F";"11023";"0";"2";"0";"-";"-"
