"2020-10-07";"23:05:18";"WinControl (rev 1112) report file"
"Time (rel/ms)";"Date";"Time";"Type";"No.";"1:F";"1:Fm'";"1:PAR";"1:Y (II)";"1:ETR"
"0";"";"";"D";"";"Device Nr: #1, DIVING-PAM-II (UWFD0100A) ";""
"0";"2020-10-07";"20:12:49";"SCHS";"";"Chart start ";""
"5";"2020-10-07";"20:12:50";"C";"";"File Nr. 424 | File Dev. ID #1, DIVING-PAM-II:  ";""
"21545";"2020-10-07";"20:13:11";"F";"10566";"301";"877";"0";"0.657";"0.0"
"26005";"2020-10-07";"20:13:16";"SPEC";"";"PAR: - 32768; Depth: 0.1; Temp.: 31.8 ";""
"31595";"2020-10-07";"20:13:21";"F";"10567";"576";"900";"0";"0.360";"0.0"
"36005";"2020-10-07";"20:13:26";"SPEC";"";"PAR: - 32768; Depth: 0.1; Temp.: 31.8 ";""
"38535";"2020-10-07";"20:13:28";"F";"10568";"702";"1311";"0";"0.465";"0.0"
"43005";"2020-10-07";"20:13:33";"SPEC";"";"PAR: - 32768; Depth: 0.1; Temp.: 31.8 ";""
"49675";"2020-10-07";"20:13:39";"F";"10569";"390";"681";"0";"0.427";"0.0"
"54005";"2020-10-07";"20:13:44";"SPEC";"";"PAR: - 32768; Depth: 0.1; Temp.: 31.8 ";""
"55875";"2020-10-07";"20:13:45";"F";"10570";"380";"688";"0";"0.448";"0.0"
"59005";"2020-10-07";"20:13:49";"SPEC";"";"PAR: - 32768; Depth: 0.1; Temp.: 31.8 ";""
"60145";"2020-10-07";"20:13:50";"F";"10571";"397";"745";"0";"0.467";"0.0"
"65005";"2020-10-07";"20:13:55";"SPEC";"";"PAR: - 32768; Depth: 0.1; Temp.: 31.8 ";""
"66585";"2020-10-07";"20:13:56";"F";"10572";"371";"807";"0";"0.540";"0.0"
"70005";"2020-10-07";"20:14:00";"SPEC";"";"PAR: - 32768; Depth: 0.1; Temp.: 31.8 ";""
"71225";"2020-10-07";"20:14:01";"F";"10573";"364";"679";"0";"0.464";"0.0"
"76005";"2020-10-07";"20:14:06";"SPEC";"";"PAR: - 32768; Depth: 0.1; Temp.: 31.8 ";""
"78535";"2020-10-07";"20:14:08";"F";"10574";"417";"886";"0";"0.529";"0.0"
"82035";"2020-10-07";"20:14:12";"F";"10575";"365";"775";"0";"0.529";"0.0"
"83005";"2020-10-07";"20:14:13";"SPEC";"";"PAR: - 32768; Depth: 0.1; Temp.: 31.8 ";""
"87005";"2020-10-07";"20:14:17";"SPEC";"";"PAR: - 32768; Depth: 0.1; Temp.: 31.8 ";""
"116315";"2020-10-07";"20:14:46";"F";"10576";"400";"775";"0";"0.484";"0.0"
"121005";"2020-10-07";"20:14:51";"SPEC";"";"PAR: - 32768; Depth: 0.1; Temp.: 31.7 ";""
"124155";"2020-10-07";"20:14:54";"F";"10577";"428";"795";"0";"0.462";"0.0"
"129005";"2020-10-07";"20:14:59";"SPEC";"";"PAR: - 32768; Depth: 0.1; Temp.: 31.7 ";""
"130665";"2020-10-07";"20:15:00";"F";"10578";"448";"848";"0";"0.472";"0.0"
"135005";"2020-10-07";"20:15:05";"SPEC";"";"PAR: - 32768; Depth: 0.1; Temp.: 31.7 ";""
"137695";"2020-10-07";"20:15:07";"F";"10579";"321";"595";"0";"0.461";"0.0"
"141005";"2020-10-07";"20:15:11";"SPEC";"";"PAR: - 32768; Depth: 0.1; Temp.: 31.6 ";""
"143685";"2020-10-07";"20:15:13";"F";"10580";"292";"592";"0";"0.507";"0.0"
"147005";"2020-10-07";"20:15:17";"SPEC";"";"PAR: - 32768; Depth: 0.1; Temp.: 31.7 ";""
"151845";"2020-10-07";"20:15:21";"F";"10581";"541";"1076";"0";"0.497";"0.0"
"156005";"2020-10-07";"20:15:26";"SPEC";"";"PAR: - 32768; Depth: 0.1; Temp.: 31.6 ";""
"158715";"2020-10-07";"20:15:28";"F";"10582";"370";"832";"0";"0.555";"0.0"
"163005";"2020-10-07";"20:15:33";"SPEC";"";"PAR: - 32768; Depth: 0.1; Temp.: 31.7 ";""
"173225";"2020-10-07";"20:15:43";"F";"10583";"406";"1056";"0";"0.616";"0.0"
"177005";"2020-10-07";"20:15:47";"SPEC";"";"PAR: - 32768; Depth: 0.1; Temp.: 31.6 ";""
"180305";"2020-10-07";"20:15:50";"F";"10584";"579";"1231";"0";"0.530";"0.0"
"185005";"2020-10-07";"20:15:55";"SPEC";"";"PAR: - 32768; Depth: 0.1; Temp.: 31.7 ";""
"187695";"2020-10-07";"20:15:57";"F";"10585";"358";"878";"0";"0.592";"0.0"
"192005";"2020-10-07";"20:16:02";"SPEC";"";"PAR: - 32768; Depth: 0.1; Temp.: 31.7 ";""
"194785";"2020-10-07";"20:16:04";"F";"10586";"300";"1056";"0";"0.716";"0.0"
"198005";"2020-10-07";"20:16:08";"SPEC";"";"PAR: - 32768; Depth: 0.1; Temp.: 31.6 ";""
"203665";"2020-10-07";"20:16:13";"F";"10587";"498";"1159";"0";"0.570";"0.0"
"207005";"2020-10-07";"20:16:17";"SPEC";"";"PAR: - 32768; Depth: 0.1; Temp.: 31.6 ";""
"209095";"2020-10-07";"20:16:19";"F";"10588";"360";"576";"0";"0.375";"0.0"
"214005";"2020-10-07";"20:16:24";"SPEC";"";"PAR: - 32768; Depth: 0.1; Temp.: 31.7 ";""
"216235";"2020-10-07";"20:16:26";"F";"10589";"514";"808";"0";"0.364";"0.0"
"221005";"2020-10-07";"20:16:31";"SPEC";"";"PAR: - 32768; Depth: 0.1; Temp.: 31.7 ";""
"222905";"2020-10-07";"20:16:32";"F";"10590";"374";"673";"0";"0.444";"0.0"
"227005";"2020-10-07";"20:16:37";"SPEC";"";"PAR: - 32768; Depth: 0.1; Temp.: 31.7 ";""
"228405";"2020-10-07";"20:16:38";"F";"10591";"386";"636";"0";"0.393";"0.0"
"233005";"2020-10-07";"20:16:43";"SPEC";"";"PAR: - 32768; Depth: 0.1; Temp.: 31.7 ";""
"233595";"2020-10-07";"20:16:43";"F";"10592";"232";"595";"0";"0.610";"0.0"
"238005";"2020-10-07";"20:16:48";"SPEC";"";"PAR: - 32768; Depth: 0.1; Temp.: 31.7 ";""
"238535";"2020-10-07";"20:16:48";"F";"10593";"219";"571";"0";"0.616";"0.0"
"243005";"2020-10-07";"20:16:53";"SPEC";"";"PAR: - 32768; Depth: 0.1; Temp.: 31.7 ";""
"258155";"2020-10-07";"20:17:08";"F";"10594";"352";"775";"0";"0.546";"0.0"
"263005";"2020-10-07";"20:17:13";"SPEC";"";"PAR: - 32768; Depth: 0.1; Temp.: 31.7 ";""
"264855";"2020-10-07";"20:17:14";"F";"10595";"442";"837";"0";"0.472";"0.0"
"268455";"2020-10-07";"20:17:18";"F";"10596";"424";"640";"0";"0.338";"0.0"
"269005";"2020-10-07";"20:17:19";"SPEC";"";"PAR: - 32768; Depth: 0.1; Temp.: 31.7 ";""
"273005";"2020-10-07";"20:17:23";"SPEC";"";"PAR: - 32768; Depth: 0.1; Temp.: 31.7 ";""
"273105";"2020-10-07";"20:17:23";"F";"10597";"424";"651";"0";"0.349";"0.0"
"278005";"2020-10-07";"20:17:28";"SPEC";"";"PAR: - 32768; Depth: 0.1; Temp.: 31.7 ";""
"278545";"2020-10-07";"20:17:28";"F";"10598";"336";"795";"0";"0.577";"0.0"
"282905";"2020-10-07";"20:17:32";"F";"10599";"506";"808";"0";"0.374";"0.0"
"283005";"2020-10-07";"20:17:33";"SPEC";"";"PAR: - 32768; Depth: 0.1; Temp.: 31.8 ";""
"287005";"2020-10-07";"20:17:37";"SPEC";"";"PAR: - 32768; Depth: 0.1; Temp.: 31.7 ";""
"291315";"2020-10-07";"20:17:41";"F";"10600";"411";"912";"0";"0.549";"0.0"
"296005";"2020-10-07";"20:17:46";"SPEC";"";"PAR: - 32768; Depth: 0.1; Temp.: 31.7 ";""
"296785";"2020-10-07";"20:17:46";"F";"10601";"481";"1256";"0";"0.617";"0.0"
"301005";"2020-10-07";"20:17:51";"SPEC";"";"PAR: - 32768; Depth: 0.1; Temp.: 31.7 ";""
"303475";"2020-10-07";"20:17:53";"F";"10602";"303";"618";"0";"0.510";"0.0"
"307535";"2020-10-07";"20:17:57";"F";"10603";"385";"661";"0";"0.418";"0.0"
"308005";"2020-10-07";"20:17:58";"SPEC";"";"PAR: - 32768; Depth: 0.1; Temp.: 31.7 ";""
"312005";"2020-10-07";"20:18:02";"SPEC";"";"PAR: - 32768; Depth: 0.1; Temp.: 31.7 ";""
"314315";"2020-10-07";"20:18:04";"F";"10604";"304";"796";"0";"0.618";"0.0"
"319005";"2020-10-07";"20:18:09";"SPEC";"";"PAR: - 32768; Depth: 0.1; Temp.: 31.7 ";""
"319215";"2020-10-07";"20:18:09";"F";"10605";"339";"877";"0";"0.613";"0.0"
"324005";"2020-10-07";"20:18:14";"SPEC";"";"PAR: - 32768; Depth: 0.1; Temp.: 31.7 ";""
"324085";"2020-10-07";"20:18:14";"F";"10606";"408";"697";"0";"0.415";"0.0"
"329005";"2020-10-07";"20:18:19";"SPEC";"";"PAR: - 32768; Depth: 0.1; Temp.: 31.7 ";""
"332215";"2020-10-07";"20:18:22";"F";"10607";"465";"801";"0";"0.419";"0.0"
"336005";"2020-10-07";"20:18:26";"SPEC";"";"PAR: - 32768; Depth: 0.1; Temp.: 31.7 ";""
"339945";"2020-10-07";"20:18:29";"F";"10608";"280";"638";"0";"0.561";"0.0"
"343005";"2020-10-07";"20:18:33";"SPEC";"";"PAR: - 32768; Depth: 0.1; Temp.: 31.7 ";""
"345555";"2020-10-07";"20:18:35";"F";"10609";"347";"766";"0";"0.547";"0.0"
"345560";"2020-10-07";"20:18:35";"SCHE";"";"Chart stop ";""
"350005";"2020-10-07";"20:18:40";"SPEC";"";"PAR: - 32768; Depth: 0.1; Temp.: 31.7 ";""
"405000";"2020-10-07";"20:19:34";"SCHS";"";"Chart start ";""
"405005";"2020-10-07";"20:19:35";"C";"";"File Nr. 425 | File Dev. ID #1, DIVING-PAM-II:  ";""
"474195";"2020-10-07";"20:20:44";"F";"10610";"219";"602";"0";"0.636";"0.0"
"478005";"2020-10-07";"20:20:48";"SPEC";"";"PAR: - 32768; Depth: 0.1; Temp.: 31.7 ";""
"484835";"2020-10-07";"20:20:54";"F";"10611";"149";"418";"0";"0.644";"0.0"
"488005";"2020-10-07";"20:20:58";"SPEC";"";"PAR: - 32768; Depth: 0.1; Temp.: 31.7 ";""
"492035";"2020-10-07";"20:21:02";"F";"10612";"195";"485";"0";"0.598";"0.0"
"496005";"2020-10-07";"20:21:06";"SPEC";"";"PAR: - 32768; Depth: 0.1; Temp.: 31.7 ";""
"503405";"2020-10-07";"20:21:13";"F";"10613";"161";"425";"0";"0.621";"0.0"
"507005";"2020-10-07";"20:21:17";"SPEC";"";"PAR: - 32768; Depth: 0.1; Temp.: 31.6 ";""
"511375";"2020-10-07";"20:21:21";"F";"10614";"174";"492";"0";"0.646";"0.0"
"515005";"2020-10-07";"20:21:25";"SPEC";"";"PAR: - 32768; Depth: 0.1; Temp.: 31.6 ";""
"521065";"2020-10-07";"20:21:31";"F";"10615";"206";"557";"0";"0.630";"0.0"
"525005";"2020-10-07";"20:21:35";"SPEC";"";"PAR: - 32768; Depth: 0.1; Temp.: 31.6 ";""
"528405";"2020-10-07";"20:21:38";"F";"10616";"233";"604";"0";"0.614";"0.0"
"532005";"2020-10-07";"20:21:42";"SPEC";"";"PAR: - 32768; Depth: 0.1; Temp.: 31.6 ";""
"535975";"2020-10-07";"20:21:45";"F";"10617";"236";"620";"0";"0.619";"0.0"
"539005";"2020-10-07";"20:21:49";"SPEC";"";"PAR: - 32768; Depth: 0.1; Temp.: 31.6 ";""
"546805";"2020-10-07";"20:21:56";"F";"10618";"139";"441";"0";"0.685";"0.0"
"550005";"2020-10-07";"20:22:00";"SPEC";"";"PAR: - 32768; Depth: 0.1; Temp.: 31.6 ";""
"555105";"2020-10-07";"20:22:05";"F";"10619";"151";"426";"0";"0.646";"0.0"
"560005";"2020-10-07";"20:22:10";"SPEC";"";"PAR: - 32768; Depth: 0.1; Temp.: 31.6 ";""
"569885";"2020-10-07";"20:22:19";"F";"10620";"171";"505";"0";"0.661";"0.0"
"573005";"2020-10-07";"20:22:23";"SPEC";"";"PAR: - 32768; Depth: 0.1; Temp.: 31.6 ";""
"577415";"2020-10-07";"20:22:27";"F";"10621";"265";"788";"0";"0.664";"0.0"
"581005";"2020-10-07";"20:22:31";"SPEC";"";"PAR: - 32768; Depth: 0.1; Temp.: 31.6 ";""
"583965";"2020-10-07";"20:22:33";"F";"10622";"185";"449";"0";"0.588";"0.0"
"587005";"2020-10-07";"20:22:37";"SPEC";"";"PAR: - 32768; Depth: 0.1; Temp.: 31.5 ";""
"589585";"2020-10-07";"20:22:39";"F";"10623";"204";"552";"0";"0.630";"0.0"
"593005";"2020-10-07";"20:22:43";"SPEC";"";"PAR: - 32768; Depth: 0.1; Temp.: 31.5 ";""
"597855";"2020-10-07";"20:22:47";"F";"10624";"185";"466";"0";"0.603";"0.0"
"601005";"2020-10-07";"20:22:51";"SPEC";"";"PAR: - 32768; Depth: 0.1; Temp.: 31.5 ";""
"604225";"2020-10-07";"20:22:54";"F";"10625";"237";"818";"0";"0.710";"0.0"
"608005";"2020-10-07";"20:22:58";"SPEC";"";"PAR: - 32768; Depth: 0.1; Temp.: 31.5 ";""
"611125";"2020-10-07";"20:23:01";"F";"10626";"287";"724";"0";"0.604";"0.0"
"615005";"2020-10-07";"20:23:05";"SPEC";"";"PAR: - 32768; Depth: 0.1; Temp.: 31.5 ";""
"618265";"2020-10-07";"20:23:08";"F";"10627";"227";"611";"0";"0.628";"0.0"
"622005";"2020-10-07";"20:23:12";"SPEC";"";"PAR: - 32768; Depth: 0.1; Temp.: 31.6 ";""
"624135";"2020-10-07";"20:23:14";"F";"10628";"207";"573";"0";"0.639";"0.0"
"628005";"2020-10-07";"20:23:18";"SPEC";"";"PAR: - 32768; Depth: 0.1; Temp.: 31.6 ";""
"631385";"2020-10-07";"20:23:21";"F";"10629";"164";"466";"0";"0.648";"0.0"
"635005";"2020-10-07";"20:23:25";"SPEC";"";"PAR: - 32768; Depth: 0.1; Temp.: 31.6 ";""
"637675";"2020-10-07";"20:23:27";"F";"10630";"172";"463";"0";"0.629";"0.0"
"641005";"2020-10-07";"20:23:31";"SPEC";"";"PAR: - 32768; Depth: 0.1; Temp.: 31.6 ";""
"644485";"2020-10-07";"20:23:34";"F";"10631";"200";"581";"0";"0.656";"0.0"
"648005";"2020-10-07";"20:23:38";"SPEC";"";"PAR: - 32768; Depth: 0.1; Temp.: 31.5 ";""
"651055";"2020-10-07";"20:23:41";"F";"10632";"178";"476";"0";"0.626";"0.0"
"655005";"2020-10-07";"20:23:45";"SPEC";"";"PAR: - 32768; Depth: 0.1; Temp.: 31.5 ";""
"657995";"2020-10-07";"20:23:47";"F";"10633";"128";"392";"0";"0.673";"0.0"
"661005";"2020-10-07";"20:23:51";"SPEC";"";"PAR: - 32768; Depth: 0.1; Temp.: 31.5 ";""
"663595";"2020-10-07";"20:23:53";"F";"10634";"192";"559";"0";"0.657";"0.0"
"667005";"2020-10-07";"20:23:57";"SPEC";"";"PAR: - 32768; Depth: 0.1; Temp.: 31.6 ";""
"671135";"2020-10-07";"20:24:01";"F";"10635";"163";"427";"0";"0.618";"0.0"
"675005";"2020-10-07";"20:24:05";"SPEC";"";"PAR: - 32768; Depth: 0.1; Temp.: 31.6 ";""
"681255";"2020-10-07";"20:24:11";"F";"10636";"167";"457";"0";"0.635";"0.0"
"685005";"2020-10-07";"20:24:15";"SPEC";"";"PAR: - 32768; Depth: 0.1; Temp.: 31.6 ";""
"699375";"2020-10-07";"20:24:29";"F";"10637";"174";"476";"0";"0.634";"0.0"
"703005";"2020-10-07";"20:24:33";"SPEC";"";"PAR: - 32768; Depth: 0.1; Temp.: 31.6 ";""
"704535";"2020-10-07";"20:24:34";"F";"10638";"165";"645";"0";"0.744";"0.0"
"708005";"2020-10-07";"20:24:38";"SPEC";"";"PAR: - 32768; Depth: 0.1; Temp.: 31.6 ";""
"716975";"2020-10-07";"20:24:46";"F";"10639";"170";"480";"0";"0.646";"0.0"
"720005";"2020-10-07";"20:24:50";"SPEC";"";"PAR: - 32768; Depth: 0.1; Temp.: 31.5 ";""
"734355";"2020-10-07";"20:25:04";"F";"10640";"221";"605";"0";"0.635";"0.0"
"738005";"2020-10-07";"20:25:08";"SPEC";"";"PAR: - 32768; Depth: 0.1; Temp.: 31.4 ";""
"744755";"2020-10-07";"20:25:14";"F";"10641";"264";"697";"0";"0.621";"0.0"
"748005";"2020-10-07";"20:25:18";"SPEC";"";"PAR: - 32768; Depth: 0.1; Temp.: 31.5 ";""
"751335";"2020-10-07";"20:25:21";"F";"10642";"245";"673";"0";"0.636";"0.0"
"755005";"2020-10-07";"20:25:25";"SPEC";"";"PAR: - 32768; Depth: 0.1; Temp.: 31.4 ";""
"760035";"2020-10-07";"20:25:30";"F";"10643";"235";"660";"0";"0.644";"0.0"
"765005";"2020-10-07";"20:25:35";"SPEC";"";"PAR: - 32768; Depth: 0.1; Temp.: 31.5 ";""
"768095";"2020-10-07";"20:25:38";"F";"10644";"166";"457";"0";"0.637";"0.0"
"773005";"2020-10-07";"20:25:43";"SPEC";"";"PAR: - 32768; Depth: 0.1; Temp.: 31.4 ";""
"775665";"2020-10-07";"20:25:45";"F";"10645";"173";"411";"0";"0.579";"0.0"
"780005";"2020-10-07";"20:25:50";"SPEC";"";"PAR: - 32768; Depth: 0.1; Temp.: 31.5 ";""
"782705";"2020-10-07";"20:25:52";"F";"10646";"180";"506";"0";"0.644";"0.0"
"787005";"2020-10-07";"20:25:57";"SPEC";"";"PAR: - 32768; Depth: 0.1; Temp.: 31.4 ";""
"788725";"2020-10-07";"20:25:58";"F";"10647";"141";"382";"0";"0.631";"0.0"
"793005";"2020-10-07";"20:26:03";"SPEC";"";"PAR: - 32768; Depth: 0.1; Temp.: 31.4 ";""
"796545";"2020-10-07";"20:26:06";"F";"10648";"187";"505";"0";"0.630";"0.0"
"801005";"2020-10-07";"20:26:11";"SPEC";"";"PAR: - 32768; Depth: 0.1; Temp.: 31.4 ";""
"802535";"2020-10-07";"20:26:12";"F";"10649";"160";"451";"0";"0.645";"0.0"
"807005";"2020-10-07";"20:26:17";"SPEC";"";"PAR: - 32768; Depth: 0.1; Temp.: 31.5 ";""
"810435";"2020-10-07";"20:26:20";"F";"10650";"199";"568";"0";"0.650";"0.0"
"814005";"2020-10-07";"20:26:24";"SPEC";"";"PAR: - 32768; Depth: 0.1; Temp.: 31.4 ";""
"817405";"2020-10-07";"20:26:27";"F";"10651";"186";"582";"0";"0.680";"0.0"
"821005";"2020-10-07";"20:26:31";"SPEC";"";"PAR: - 32768; Depth: 0.1; Temp.: 31.5 ";""
"822075";"2020-10-07";"20:26:32";"F";"10652";"166";"462";"0";"0.641";"0.0"
"827005";"2020-10-07";"20:26:37";"SPEC";"";"PAR: - 32768; Depth: 0.1; Temp.: 31.5 ";""
"830855";"2020-10-07";"20:26:40";"F";"10653";"154";"424";"0";"0.637";"0.0"
"830860";"2020-10-07";"20:26:40";"SCHE";"";"Chart stop ";""
"835005";"2020-10-07";"20:26:45";"SPEC";"";"PAR: - 32768; Depth: 0.1; Temp.: 31.4 ";""
"866000";"2020-10-07";"20:27:15";"SCHS";"";"Chart start ";""
"866005";"2020-10-07";"20:27:16";"C";"";"File Nr. 426 | File Dev. ID #1, DIVING-PAM-II:  ";""
"1000295";"2020-10-07";"20:29:30";"F";"10654";"115";"528";"0";"0.782";"0.0"
"1005005";"2020-10-07";"20:29:35";"SPEC";"";"PAR: - 32768; Depth: 0.1; Temp.: 31.4 ";""
"1007885";"2020-10-07";"20:29:37";"F";"10655";"238";"598";"0";"0.602";"0.0"
"1011005";"2020-10-07";"20:29:41";"SPEC";"";"PAR: - 32768; Depth: 0.1; Temp.: 31.4 ";""
"1012735";"2020-10-07";"20:29:42";"F";"10656";"165";"624";"0";"0.736";"0.0"
"1016005";"2020-10-07";"20:29:46";"SPEC";"";"PAR: - 32768; Depth: 0.1; Temp.: 31.4 ";""
"1019635";"2020-10-07";"20:29:49";"F";"10657";"194";"546";"0";"0.645";"0.0"
"1023005";"2020-10-07";"20:29:53";"SPEC";"";"PAR: - 32768; Depth: 0.1; Temp.: 31.4 ";""
"1029925";"2020-10-07";"20:29:59";"F";"10658";"136";"355";"0";"0.617";"0.0"
"1034005";"2020-10-07";"20:30:04";"SPEC";"";"PAR: - 32768; Depth: 0.1; Temp.: 31.5 ";""
"1040315";"2020-10-07";"20:30:10";"F";"10659";"152";"407";"0";"0.627";"0.0"
"1044005";"2020-10-07";"20:30:14";"SPEC";"";"PAR: - 32768; Depth: 0.1; Temp.: 31.5 ";""
"1046075";"2020-10-07";"20:30:16";"F";"10660";"202";"552";"0";"0.634";"0.0"
"1051005";"2020-10-07";"20:30:21";"SPEC";"";"PAR: - 32768; Depth: 0.1; Temp.: 31.5 ";""
"1052875";"2020-10-07";"20:30:22";"F";"10661";"174";"483";"0";"0.640";"0.0"
"1057005";"2020-10-07";"20:30:27";"SPEC";"";"PAR: - 32768; Depth: 0.1; Temp.: 31.5 ";""
"1059175";"2020-10-07";"20:30:29";"F";"10662";"140";"480";"0";"0.708";"0.0"
"1064005";"2020-10-07";"20:30:34";"SPEC";"";"PAR: - 32768; Depth: 0.1; Temp.: 31.4 ";""
"1068155";"2020-10-07";"20:30:38";"F";"10663";"111";"656";"0";"0.831";"0.0"
"1073005";"2020-10-07";"20:30:43";"SPEC";"";"PAR: - 32768; Depth: - 337.4 ";""
"1092225";"2020-10-07";"20:31:02";"F";"10664";"322";"1585";"0";"0.797";"0.0"
"1097005";"2020-10-07";"20:31:07";"SPEC";"";"PAR: - 32768; Depth: - 337.4 ";""
"1101255";"2020-10-07";"20:31:11";"F";"10665";"373";"1113";"0";"0.665";"0.0"
"1106005";"2020-10-07";"20:31:16";"SPEC";"";"PAR: - 32768; Depth: - 337.4 ";""
"1110145";"2020-10-07";"20:31:20";"F";"10666";"365";"1075";"0";"0.660";"0.0"
"1115005";"2020-10-07";"20:31:25";"SPEC";"";"PAR: - 32768; Depth: - 337.4 ";""
"1119185";"2020-10-07";"20:31:29";"F";"10667";"336";"970";"0";"0.654";"0.0"
"1124005";"2020-10-07";"20:31:34";"SPEC";"";"PAR: - 32768; Depth: - 337.4 ";""
"1126085";"2020-10-07";"20:31:36";"F";"10668";"391";"1177";"0";"0.668";"0.0"
"1131005";"2020-10-07";"20:31:41";"SPEC";"";"PAR: - 32768; Depth: - 337.4 ";""
"1140605";"2020-10-07";"20:31:50";"F";"10669";"397";"1167";"0";"0.660";"0.0"
"1145005";"2020-10-07";"20:31:55";"SPEC";"";"PAR: - 32768; Depth: - 337.4 ";""
"1149245";"2020-10-07";"20:31:59";"F";"10670";"325";"877";"0";"0.629";"0.0"
"1154005";"2020-10-07";"20:32:04";"SPEC";"";"PAR: - 32768; Depth: - 337.4 ";""
"1157905";"2020-10-07";"20:32:07";"F";"10671";"226";"854";"0";"0.735";"0.0"
"1161005";"2020-10-07";"20:32:11";"SPEC";"";"PAR: - 32768; Depth: - 337.4 ";""
"1164145";"2020-10-07";"20:32:14";"F";"10672";"375";"1412";"0";"0.734";"0.0"
"1169005";"2020-10-07";"20:32:19";"SPEC";"";"PAR: - 32768; Depth: - 337.4 ";""
"1169085";"2020-10-07";"20:32:19";"F";"10673";"399";"1189";"0";"0.664";"0.0"
"1174005";"2020-10-07";"20:32:24";"SPEC";"";"PAR: - 32768; Depth: - 337.4 ";""
"1176275";"2020-10-07";"20:32:26";"F";"10674";"297";"945";"0";"0.686";"0.0"
"1181005";"2020-10-07";"20:32:31";"SPEC";"";"PAR: - 32768; Depth: - 337.4 ";""
"1183975";"2020-10-07";"20:32:33";"F";"10675";"430";"1399";"0";"0.693";"0.0"
"1188005";"2020-10-07";"20:32:38";"SPEC";"";"PAR: - 32768; Depth: - 337.4 ";""
"1189585";"2020-10-07";"20:32:39";"F";"10676";"320";"945";"0";"0.661";"0.0"
"1194005";"2020-10-07";"20:32:44";"SPEC";"";"PAR: - 32768; Depth: - 337.4 ";""
"1205485";"2020-10-07";"20:32:55";"F";"10677";"362";"923";"0";"0.608";"0.0"
"1210005";"2020-10-07";"20:33:00";"SPEC";"";"PAR: - 32768; Depth: - 337.4 ";""
"1214185";"2020-10-07";"20:33:04";"F";"10678";"450";"1334";"0";"0.663";"0.0"
"1219005";"2020-10-07";"20:33:09";"SPEC";"";"PAR: - 32768; Depth: - 337.4 ";""
"1221675";"2020-10-07";"20:33:11";"F";"10679";"385";"1265";"0";"0.696";"0.0"
"1226005";"2020-10-07";"20:33:16";"SPEC";"";"PAR: - 32768; Depth: - 337.4 ";""
"1227325";"2020-10-07";"20:33:17";"F";"10680";"241";"670";"0";"0.640";"0.0"
"1232005";"2020-10-07";"20:33:22";"SPEC";"";"PAR: - 32768; Depth: - 337.4 ";""
"1234415";"2020-10-07";"20:33:24";"F";"10681";"419";"1155";"0";"0.637";"0.0"
"1238005";"2020-10-07";"20:33:28";"SPEC";"";"PAR: - 32768; Depth: - 337.4 ";""
"1240835";"2020-10-07";"20:33:30";"F";"10682";"348";"1065";"0";"0.673";"0.0"
"1245005";"2020-10-07";"20:33:35";"SPEC";"";"PAR: - 32768; Depth: - 337.4 ";""
"1246565";"2020-10-07";"20:33:36";"F";"10683";"396";"1116";"0";"0.645";"0.0"
"1251005";"2020-10-07";"20:33:41";"SPEC";"";"PAR: - 32768; Depth: - 337.4 ";""
"1254475";"2020-10-07";"20:33:44";"F";"10684";"290";"980";"0";"0.704";"0.0"
"1259005";"2020-10-07";"20:33:49";"SPEC";"";"PAR: - 32768; Depth: - 337.4 ";""
"1263315";"2020-10-07";"20:33:53";"F";"10685";"382";"1065";"0";"0.641";"0.0"
"1268005";"2020-10-07";"20:33:58";"SPEC";"";"PAR: - 32768; Depth: - 337.4 ";""
"1272585";"2020-10-07";"20:34:02";"F";"10686";"335";"1065";"0";"0.685";"0.0"
"1277005";"2020-10-07";"20:34:07";"SPEC";"";"PAR: - 32768; Depth: - 337.4 ";""
"1280065";"2020-10-07";"20:34:10";"F";"10687";"361";"1028";"0";"0.649";"0.0"
"1285005";"2020-10-07";"20:34:15";"SPEC";"";"PAR: - 32768; Depth: - 337.4 ";""
"1289585";"2020-10-07";"20:34:19";"F";"10688";"419";"1225";"0";"0.658";"0.0"
"1293005";"2020-10-07";"20:34:23";"SPEC";"";"PAR: - 32768; Depth: - 337.4 ";""
"1297305";"2020-10-07";"20:34:27";"F";"10689";"430";"1191";"0";"0.639";"0.0"
"1302005";"2020-10-07";"20:34:32";"SPEC";"";"PAR: - 32768; Depth: - 337.4 ";""
"1307705";"2020-10-07";"20:34:37";"F";"10690";"342";"965";"0";"0.646";"0.0"
"1312005";"2020-10-07";"20:34:42";"SPEC";"";"PAR: - 32768; Depth: - 337.4 ";""
"1313035";"2020-10-07";"20:34:43";"F";"10691";"300";"1035";"0";"0.710";"0.0"
"1318005";"2020-10-07";"20:34:48";"SPEC";"";"PAR: - 32768; Depth: - 337.4 ";""
"1319975";"2020-10-07";"20:34:49";"F";"10692";"328";"944";"0";"0.653";"0.0"
"1324005";"2020-10-07";"20:34:54";"SPEC";"";"PAR: - 32768; Depth: - 337.4 ";""
"1327955";"2020-10-07";"20:34:57";"F";"10693";"304";"1003";"0";"0.697";"0.0"
"1331005";"2020-10-07";"20:35:01";"SPEC";"";"PAR: - 32768; Depth: - 337.4 ";""
"1333295";"2020-10-07";"20:35:03";"F";"10694";"360";"1063";"0";"0.661";"0.0"
"1338005";"2020-10-07";"20:35:08";"SPEC";"";"PAR: - 32768; Depth: - 337.4 ";""
"1343945";"2020-10-07";"20:35:13";"F";"10695";"410";"1124";"0";"0.635";"0.0"
"1348005";"2020-10-07";"20:35:18";"SPEC";"";"PAR: - 32768; Depth: - 337.4 ";""
"1351175";"2020-10-07";"20:35:21";"F";"10696";"253";"800";"0";"0.684";"0.0"
"1356005";"2020-10-07";"20:35:26";"SPEC";"";"PAR: - 32768; Depth: - 337.4 ";""
"1359375";"2020-10-07";"20:35:29";"F";"10697";"325";"1099";"0";"0.704";"0.0"
"1359380";"2020-10-07";"20:35:29";"SCHE";"";"Chart stop ";""
"1363005";"2020-10-07";"20:35:33";"SPEC";"";"PAR: - 32768; Depth: - 337.4 ";""
"1466000";"2020-10-07";"20:37:15";"SCHS";"";"Chart start ";""
"1466005";"2020-10-07";"20:37:16";"C";"";"File Nr. 427 | File Dev. ID #1, DIVING-PAM-II:  ";""
"1528665";"2020-10-07";"20:38:18";"F";"10698";"229";"692";"0";"0.669";"0.0"
"1533005";"2020-10-07";"20:38:23";"SPEC";"";"PAR: - 32768; Depth: - 337.4 ";""
"1533565";"2020-10-07";"20:38:23";"F";"10699";"384";"965";"0";"0.602";"0.0"
"1538005";"2020-10-07";"20:38:28";"SPEC";"";"PAR: - 32768; Depth: - 337.4 ";""
"1541785";"2020-10-07";"20:38:31";"F";"10700";"340";"866";"0";"0.607";"0.0"
"1546005";"2020-10-07";"20:38:36";"SPEC";"";"PAR: - 32768; Depth: - 337.4 ";""
"1550975";"2020-10-07";"20:38:40";"F";"10701";"301";"827";"0";"0.636";"0.0"
"1554005";"2020-10-07";"20:38:44";"SPEC";"";"PAR: - 32768; Depth: - 337.4 ";""
"1557385";"2020-10-07";"20:38:47";"F";"10702";"336";"877";"0";"0.617";"0.0"
"1562005";"2020-10-07";"20:38:52";"SPEC";"";"PAR: - 32768; Depth: - 337.4 ";""
"1572895";"2020-10-07";"20:39:02";"F";"10703";"333";"880";"0";"0.622";"0.0"
"1576005";"2020-10-07";"20:39:06";"SPEC";"";"PAR: - 32768; Depth: - 337.4 ";""
"1578835";"2020-10-07";"20:39:08";"F";"10704";"429";"1129";"0";"0.620";"0.0"
"1583005";"2020-10-07";"20:39:13";"SPEC";"";"PAR: - 32768; Depth: - 337.4 ";""
"1583135";"2020-10-07";"20:39:13";"F";"10705";"377";"1124";"0";"0.665";"0.0"
"1588005";"2020-10-07";"20:39:18";"SPEC";"";"PAR: - 32768; Depth: - 337.4 ";""
"1591225";"2020-10-07";"20:39:21";"F";"10706";"333";"775";"0";"0.570";"0.0"
"1595005";"2020-10-07";"20:39:25";"SPEC";"";"PAR: - 32768; Depth: - 337.4 ";""
"1600225";"2020-10-07";"20:39:30";"F";"10707";"193";"481";"0";"0.599";"0.0"
"1605005";"2020-10-07";"20:39:35";"SPEC";"";"PAR: - 32768; Depth: - 337.4 ";""
"1605475";"2020-10-07";"20:39:35";"F";"10708";"569";"1253";"0";"0.546";"0.0"
"1610005";"2020-10-07";"20:39:40";"SPEC";"";"PAR: - 32768; Depth: - 337.4 ";""
"1612835";"2020-10-07";"20:39:42";"F";"10709";"237";"612";"0";"0.613";"0.0"
"1616005";"2020-10-07";"20:39:46";"SPEC";"";"PAR: - 32768; Depth: - 337.4 ";""
"1619945";"2020-10-07";"20:39:49";"F";"10710";"270";"781";"0";"0.654";"0.0"
"1623005";"2020-10-07";"20:39:53";"SPEC";"";"PAR: - 32768; Depth: - 337.4 ";""
"1624125";"2020-10-07";"20:39:54";"F";"10711";"345";"897";"0";"0.615";"0.0"
"1629005";"2020-10-07";"20:39:59";"SPEC";"";"PAR: - 32768; Depth: - 337.4 ";""
"1632845";"2020-10-07";"20:40:02";"F";"10712";"255";"1124";"0";"0.773";"0.0"
"1637005";"2020-10-07";"20:40:07";"SPEC";"";"PAR: - 32768; Depth: - 337.4 ";""
"1638965";"2020-10-07";"20:40:08";"F";"10713";"331";"805";"0";"0.589";"0.0"
"1643005";"2020-10-07";"20:40:13";"SPEC";"";"PAR: - 32768; Depth: - 337.4 ";""
"1645455";"2020-10-07";"20:40:15";"F";"10714";"291";"973";"0";"0.701";"0.0"
"1650005";"2020-10-07";"20:40:20";"SPEC";"";"PAR: - 32768; Depth: - 337.4 ";""
"1650705";"2020-10-07";"20:40:20";"F";"10715";"255";"1179";"0";"0.784";"0.0"
"1655005";"2020-10-07";"20:40:25";"SPEC";"";"PAR: - 32768; Depth: - 337.4 ";""
"1657585";"2020-10-07";"20:40:27";"F";"10716";"250";"647";"0";"0.614";"0.0"
"1662005";"2020-10-07";"20:40:32";"SPEC";"";"PAR: - 32768; Depth: - 337.4 ";""
"1662635";"2020-10-07";"20:40:32";"F";"10717";"262";"689";"0";"0.620";"0.0"
"1667005";"2020-10-07";"20:40:37";"SPEC";"";"PAR: - 32768; Depth: - 337.4 ";""
"1667475";"2020-10-07";"20:40:37";"F";"10718";"315";"832";"0";"0.621";"0.0"
"1672005";"2020-10-07";"20:40:42";"SPEC";"";"PAR: - 32768; Depth: - 337.4 ";""
"1673895";"2020-10-07";"20:40:43";"F";"10719";"348";"942";"0";"0.631";"0.0"
"1678005";"2020-10-07";"20:40:48";"SPEC";"";"PAR: - 32768; Depth: - 337.4 ";""
"1678365";"2020-10-07";"20:40:48";"F";"10720";"438";"1036";"0";"0.577";"0.0"
"1683005";"2020-10-07";"20:40:53";"SPEC";"";"PAR: - 32768; Depth: - 337.4 ";""
"1683855";"2020-10-07";"20:40:53";"F";"10721";"398";"943";"0";"0.578";"0.0"
"1688005";"2020-10-07";"20:40:58";"SPEC";"";"PAR: - 32768; Depth: - 337.4 ";""
"1696575";"2020-10-07";"20:41:06";"F";"10722";"311";"821";"0";"0.621";"0.0"
"1700695";"2020-10-07";"20:41:10";"F";"10723";"331";"918";"0";"0.639";"0.0"
"1701005";"2020-10-07";"20:41:11";"SPEC";"";"PAR: - 32768; Depth: - 337.4 ";""
"1705005";"2020-10-07";"20:41:15";"SPEC";"";"PAR: - 32768; Depth: - 337.4 ";""
"1708035";"2020-10-07";"20:41:18";"F";"10724";"289";"702";"0";"0.588";"0.0"
"1712005";"2020-10-07";"20:41:22";"SPEC";"";"PAR: - 32768; Depth: - 337.4 ";""
"1712165";"2020-10-07";"20:41:22";"F";"10725";"288";"789";"0";"0.635";"0.0"
"1717005";"2020-10-07";"20:41:27";"SPEC";"";"PAR: - 32768; Depth: - 337.4 ";""
"1717505";"2020-10-07";"20:41:27";"F";"10726";"443";"991";"0";"0.553";"0.0"
"1722005";"2020-10-07";"20:41:32";"SPEC";"";"PAR: - 32768; Depth: - 337.4 ";""
"1726765";"2020-10-07";"20:41:36";"F";"10727";"356";"931";"0";"0.618";"0.0"
"1731005";"2020-10-07";"20:41:41";"SPEC";"";"PAR: - 32768; Depth: - 337.4 ";""
"1735925";"2020-10-07";"20:41:45";"F";"10728";"296";"905";"0";"0.673";"0.0"
"1740005";"2020-10-07";"20:41:50";"SPEC";"";"PAR: - 32768; Depth: - 337.4 ";""
"1745185";"2020-10-07";"20:41:55";"F";"10729";"384";"1024";"0";"0.625";"0.0"
"1750005";"2020-10-07";"20:42:00";"SPEC";"";"PAR: - 32768; Depth: - 337.4 ";""
"1752955";"2020-10-07";"20:42:02";"F";"10730";"311";"996";"0";"0.688";"0.0"
"1757005";"2020-10-07";"20:42:07";"SPEC";"";"PAR: - 32768; Depth: - 337.4 ";""
"1757215";"2020-10-07";"20:42:07";"F";"10731";"361";"1196";"0";"0.698";"0.0"
"1762005";"2020-10-07";"20:42:12";"SPEC";"";"PAR: - 32768; Depth: - 337.4 ";""
"1763285";"2020-10-07";"20:42:13";"F";"10732";"249";"753";"0";"0.669";"0.0"
"1767535";"2020-10-07";"20:42:17";"F";"10733";"282";"874";"0";"0.677";"0.0"
"1768005";"2020-10-07";"20:42:18";"SPEC";"";"PAR: - 32768; Depth: - 337.4 ";""
"1772005";"2020-10-07";"20:42:22";"SPEC";"";"PAR: - 32768; Depth: - 337.4 ";""
"1772275";"2020-10-07";"20:42:22";"F";"10734";"254";"847";"0";"0.700";"0.0"
"1777005";"2020-10-07";"20:42:27";"SPEC";"";"PAR: - 32768; Depth: - 337.4 ";""
"1777535";"2020-10-07";"20:42:27";"F";"10735";"350";"928";"0";"0.623";"0.0"
"1781005";"2020-10-07";"20:42:31";"SPEC";"";"PAR: - 32768; Depth: - 337.4 ";""
"1788535";"2020-10-07";"20:42:38";"F";"10736";"267";"830";"0";"0.678";"0.0"
"1792005";"2020-10-07";"20:42:42";"SPEC";"";"PAR: - 32768; Depth: - 337.4 ";""
"1810105";"2020-10-07";"20:43:00";"F";"10737";"295";"896";"0";"0.671";"0.0"
"1815005";"2020-10-07";"20:43:05";"SPEC";"";"PAR: - 32768; Depth: - 337.4 ";""
"1857735";"2020-10-07";"20:43:47";"F";"10738";"466";"1092";"0";"0.573";"0.0"
"1862005";"2020-10-07";"20:43:52";"SPEC";"";"PAR: - 32768; Depth: - 337.4 ";""
"1867915";"2020-10-07";"20:43:57";"F";"10739";"398";"1033";"0";"0.615";"0.0"
"1871005";"2020-10-07";"20:44:01";"SPEC";"";"PAR: - 32768; Depth: - 337.4 ";""
"1872395";"2020-10-07";"20:44:02";"F";"10740";"298";"508";"0";"0.413";"0.0"
"1877005";"2020-10-07";"20:44:07";"SPEC";"";"PAR: - 32768; Depth: - 337.4 ";""
"1878035";"2020-10-07";"20:44:08";"F";"10741";"276";"947";"0";"0.709";"0.0"
"1883005";"2020-10-07";"20:44:13";"SPEC";"";"PAR: - 32768; Depth: - 337.4 ";""
"1886905";"2020-10-07";"20:44:16";"F";"10742";"310";"969";"0";"0.680";"0.0"
"1886910";"2020-10-07";"20:44:16";"SCHE";"";"Chart stop ";""
"1891005";"2020-10-07";"20:44:21";"SPEC";"";"PAR: - 32768; Depth: - 337.4 ";""
"1953000";"2020-10-07";"20:45:22";"SCHS";"";"Chart start ";""
"1953005";"2020-10-07";"20:45:23";"C";"";"File Nr. 428 | File Dev. ID #1, DIVING-PAM-II:  ";""
"1987805";"2020-10-07";"20:45:57";"F";"10743";"549";"1206";"0";"0.545";"0.0"
"1991005";"2020-10-07";"20:46:01";"SPEC";"";"PAR: - 32768; Depth: - 337.4 ";""
"1993885";"2020-10-07";"20:46:03";"F";"10744";"440";"1053";"0";"0.582";"0.0"
"1998005";"2020-10-07";"20:46:08";"SPEC";"";"PAR: - 32768; Depth: - 337.4 ";""
"2001435";"2020-10-07";"20:46:11";"F";"10745";"325";"669";"0";"0.514";"0.0"
"2005005";"2020-10-07";"20:46:15";"SPEC";"";"PAR: - 32768; Depth: - 337.4 ";""
"2009065";"2020-10-07";"20:46:19";"F";"10746";"369";"914";"0";"0.596";"0.0"
"2013005";"2020-10-07";"20:46:23";"SPEC";"";"PAR: - 32768; Depth: - 337.4 ";""
"2018535";"2020-10-07";"20:46:28";"F";"10747";"372";"806";"0";"0.538";"0.0"
"2023005";"2020-10-07";"20:46:33";"SPEC";"";"PAR: - 32768; Depth: - 337.4 ";""
"2025285";"2020-10-07";"20:46:35";"F";"10748";"346";"764";"0";"0.547";"0.0"
"2030005";"2020-10-07";"20:46:40";"SPEC";"";"PAR: - 32768; Depth: - 337.4 ";""
"2032575";"2020-10-07";"20:46:42";"F";"10749";"261";"626";"0";"0.583";"0.0"
"2037005";"2020-10-07";"20:46:47";"SPEC";"";"PAR: - 32768; Depth: - 337.4 ";""
"2039945";"2020-10-07";"20:46:49";"F";"10750";"443";"1006";"0";"0.560";"0.0"
"2044005";"2020-10-07";"20:46:54";"SPEC";"";"PAR: - 32768; Depth: - 337.4 ";""
"2045675";"2020-10-07";"20:46:55";"F";"10751";"280";"626";"0";"0.553";"0.0"
"2049005";"2020-10-07";"20:46:59";"SPEC";"";"PAR: - 32768; Depth: - 337.4 ";""
"2051775";"2020-10-07";"20:47:01";"F";"10752";"329";"858";"0";"0.617";"0.0"
"2056005";"2020-10-07";"20:47:06";"SPEC";"";"PAR: - 32768; Depth: - 337.4 ";""
"2057705";"2020-10-07";"20:47:07";"F";"10753";"369";"759";"0";"0.514";"0.0"
"2061005";"2020-10-07";"20:47:11";"SPEC";"";"PAR: - 32768; Depth: - 337.4 ";""
"2064065";"2020-10-07";"20:47:14";"F";"10754";"278";"913";"0";"0.696";"0.0"
"2068005";"2020-10-07";"20:47:18";"SPEC";"";"PAR: - 32768; Depth: - 337.4 ";""
"2071205";"2020-10-07";"20:47:21";"F";"10755";"362";"779";"0";"0.535";"0.0"
"2075005";"2020-10-07";"20:47:25";"SPEC";"";"PAR: - 32768; Depth: - 337.4 ";""
"2078155";"2020-10-07";"20:47:28";"F";"10756";"313";"829";"0";"0.622";"0.0"
"2082005";"2020-10-07";"20:47:32";"SPEC";"";"PAR: - 32768; Depth: - 337.4 ";""
"2084645";"2020-10-07";"20:47:34";"F";"10757";"298";"749";"0";"0.602";"0.0"
"2088005";"2020-10-07";"20:47:38";"SPEC";"";"PAR: - 32768; Depth: - 337.4 ";""
"2089065";"2020-10-07";"20:47:39";"F";"10758";"345";"852";"0";"0.595";"0.0"
"2093005";"2020-10-07";"20:47:43";"SPEC";"";"PAR: - 32768; Depth: - 337.4 ";""
"2095645";"2020-10-07";"20:47:45";"F";"10759";"441";"1030";"0";"0.572";"0.0"
"2099005";"2020-10-07";"20:47:49";"SPEC";"";"PAR: - 32768; Depth: - 337.4 ";""
"2101795";"2020-10-07";"20:47:51";"F";"10760";"400";"1068";"0";"0.625";"0.0"
"2105005";"2020-10-07";"20:47:55";"SPEC";"";"PAR: - 32768; Depth: - 337.4 ";""
"2107095";"2020-10-07";"20:47:57";"F";"10761";"381";"1039";"0";"0.633";"0.0"
"2112005";"2020-10-07";"20:48:02";"SPEC";"";"PAR: - 32768; Depth: - 337.4 ";""
"2119035";"2020-10-07";"20:48:09";"F";"10762";"372";"862";"0";"0.568";"0.0"
"2123005";"2020-10-07";"20:48:13";"SPEC";"";"PAR: - 32768; Depth: - 337.4 ";""
"2124475";"2020-10-07";"20:48:14";"F";"10763";"438";"1123";"0";"0.610";"0.0"
"2129005";"2020-10-07";"20:48:19";"SPEC";"";"PAR: - 32768; Depth: - 337.4 ";""
"2132535";"2020-10-07";"20:48:22";"F";"10764";"327";"725";"0";"0.549";"0.0"
"2137005";"2020-10-07";"20:48:27";"SPEC";"";"PAR: - 32768; Depth: - 337.4 ";""
"2137445";"2020-10-07";"20:48:27";"F";"10765";"424";"832";"0";"0.490";"0.0"
"2142005";"2020-10-07";"20:48:32";"SPEC";"";"PAR: - 32768; Depth: - 337.4 ";""
"2143535";"2020-10-07";"20:48:33";"F";"10766";"225";"607";"0";"0.629";"0.0"
"2147005";"2020-10-07";"20:48:37";"SPEC";"";"PAR: - 32768; Depth: - 337.4 ";""
"2148185";"2020-10-07";"20:48:38";"F";"10767";"398";"1000";"0";"0.602";"0.0"
"2153005";"2020-10-07";"20:48:43";"SPEC";"";"PAR: - 32768; Depth: - 337.4 ";""
"2155875";"2020-10-07";"20:48:45";"F";"10768";"209";"537";"0";"0.611";"0.0"
"2159005";"2020-10-07";"20:48:49";"SPEC";"";"PAR: - 32768; Depth: - 337.4 ";""
"2162615";"2020-10-07";"20:48:52";"F";"10769";"347";"810";"0";"0.572";"0.0"
"2167005";"2020-10-07";"20:48:57";"SPEC";"";"PAR: - 32768; Depth: - 337.4 ";""
"2169725";"2020-10-07";"20:48:59";"F";"10770";"374";"885";"0";"0.577";"0.0"
"2173005";"2020-10-07";"20:49:03";"SPEC";"";"PAR: - 32768; Depth: - 337.4 ";""
"2174075";"2020-10-07";"20:49:04";"F";"10771";"290";"813";"0";"0.643";"0.0"
"2178005";"2020-10-07";"20:49:08";"SPEC";"";"PAR: - 32768; Depth: - 337.4 ";""
"2179965";"2020-10-07";"20:49:09";"F";"10772";"248";"641";"0";"0.613";"0.0"
"2183005";"2020-10-07";"20:49:13";"SPEC";"";"PAR: - 32768; Depth: - 337.4 ";""
"2184995";"2020-10-07";"20:49:14";"F";"10773";"333";"741";"0";"0.551";"0.0"
"2188005";"2020-10-07";"20:49:18";"SPEC";"";"PAR: - 32768; Depth: - 337.4 ";""
"2191765";"2020-10-07";"20:49:21";"F";"10774";"437";"917";"0";"0.523";"0.0"
"2195005";"2020-10-07";"20:49:25";"SPEC";"";"PAR: - 32768; Depth: - 337.4 ";""
"2197495";"2020-10-07";"20:49:27";"F";"10775";"409";"1003";"0";"0.592";"0.0"
"2201005";"2020-10-07";"20:49:31";"SPEC";"";"PAR: - 32768; Depth: - 337.4 ";""
"2201055";"2020-10-07";"20:49:31";"F";"10776";"271";"585";"0";"0.537";"0.0"
"2206005";"2020-10-07";"20:49:36";"SPEC";"";"PAR: - 32768; Depth: - 337.4 ";""
"2207585";"2020-10-07";"20:49:37";"F";"10777";"421";"1091";"0";"0.614";"0.0"
"2211005";"2020-10-07";"20:49:41";"SPEC";"";"PAR: - 32768; Depth: - 337.4 ";""
"2215655";"2020-10-07";"20:49:45";"F";"10778";"266";"609";"0";"0.563";"0.0"
"2220005";"2020-10-07";"20:49:50";"SPEC";"";"PAR: - 32768; Depth: - 337.4 ";""
"2221985";"2020-10-07";"20:49:51";"F";"10779";"316";"764";"0";"0.586";"0.0"
"2225005";"2020-10-07";"20:49:55";"SPEC";"";"PAR: - 32768; Depth: - 337.4 ";""
"2227135";"2020-10-07";"20:49:57";"F";"10780";"297";"855";"0";"0.653";"0.0"
"2232005";"2020-10-07";"20:50:02";"SPEC";"";"PAR: - 32768; Depth: - 337.4 ";""
"2235105";"2020-10-07";"20:50:05";"F";"10781";"275";"739";"0";"0.628";"0.0"
"2240005";"2020-10-07";"20:50:10";"SPEC";"";"PAR: - 32768; Depth: - 337.4 ";""
"2244435";"2020-10-07";"20:50:14";"F";"10782";"334";"697";"0";"0.521";"0.0"
"2248005";"2020-10-07";"20:50:18";"SPEC";"";"PAR: - 32768; Depth: - 337.4 ";""
"2250175";"2020-10-07";"20:50:20";"F";"10783";"374";"861";"0";"0.566";"0.0"
"2255005";"2020-10-07";"20:50:25";"SPEC";"";"PAR: - 32768; Depth: - 337.4 ";""
"2260405";"2020-10-07";"20:50:30";"F";"10784";"238";"539";"0";"0.558";"0.0"
"2264005";"2020-10-07";"20:50:34";"SPEC";"";"PAR: - 32768; Depth: - 337.4 ";""
"2267065";"2020-10-07";"20:50:37";"F";"10785";"358";"894";"0";"0.600";"0.0"
"2267070";"2020-10-07";"20:50:37";"SCHE";"";"Chart stop ";""
"2271005";"2020-10-07";"20:50:41";"SPEC";"";"PAR: - 32768; Depth: - 337.4 ";""
"2359000";"2020-10-07";"20:52:08";"SCHS";"";"Chart start ";""
"2359005";"2020-10-07";"20:52:09";"C";"";"File Nr. 429 | File Dev. ID #1, DIVING-PAM-II:  ";""
"2407595";"2020-10-07";"20:52:57";"F";"10786";"479";"1379";"0";"0.653";"0.0"
"2412005";"2020-10-07";"20:53:02";"SPEC";"";"PAR: - 32768; Depth: - 337.4 ";""
"2413615";"2020-10-07";"20:53:03";"F";"10787";"376";"1041";"0";"0.639";"0.0"
"2418005";"2020-10-07";"20:53:08";"SPEC";"";"PAR: - 32768; Depth: - 337.4 ";""
"2431545";"2020-10-07";"20:53:21";"F";"10788";"120";"327";"0";"0.633";"0.0"
"2436005";"2020-10-07";"20:53:26";"SPEC";"";"PAR: - 32768; Depth: - 337.4 ";""
"2441125";"2020-10-07";"20:53:31";"F";"10789";"147";"401";"0";"0.633";"0.0"
"2446005";"2020-10-07";"20:53:36";"SPEC";"";"PAR: - 32768; Depth: - 337.4 ";""
"2453815";"2020-10-07";"20:53:43";"F";"10790";"159";"497";"0";"0.680";"0.0"
"2457005";"2020-10-07";"20:53:47";"SPEC";"";"PAR: - 32768; Depth: - 337.4 ";""
"2463005";"2020-10-07";"20:53:53";"F";"10791";"193";"544";"0";"0.645";"0.0"
"2468005";"2020-10-07";"20:53:58";"SPEC";"";"PAR: - 32768; Depth: - 337.4 ";""
"2472155";"2020-10-07";"20:54:02";"F";"10792";"137";"395";"0";"0.653";"0.0"
"2476005";"2020-10-07";"20:54:06";"SPEC";"";"PAR: - 32768; Depth: - 337.4 ";""
"2479245";"2020-10-07";"20:54:09";"F";"10793";"208";"638";"0";"0.674";"0.0"
"2483005";"2020-10-07";"20:54:13";"SPEC";"";"PAR: - 32768; Depth: - 337.4 ";""
"2486585";"2020-10-07";"20:54:16";"F";"10794";"187";"489";"0";"0.618";"0.0"
"2491005";"2020-10-07";"20:54:21";"SPEC";"";"PAR: - 32768; Depth: - 337.4 ";""
"2500915";"2020-10-07";"20:54:30";"F";"10795";"225";"615";"0";"0.634";"0.0"
"2504005";"2020-10-07";"20:54:34";"SPEC";"";"PAR: - 32768; Depth: - 337.4 ";""
"2508385";"2020-10-07";"20:54:38";"F";"10796";"183";"507";"0";"0.639";"0.0"
"2513005";"2020-10-07";"20:54:43";"SPEC";"";"PAR: - 32768; Depth: - 337.4 ";""
"2516035";"2020-10-07";"20:54:46";"F";"10797";"225";"618";"0";"0.636";"0.0"
"2521005";"2020-10-07";"20:54:51";"SPEC";"";"PAR: - 32768; Depth: - 337.4 ";""
"2524835";"2020-10-07";"20:54:54";"F";"10798";"136";"395";"0";"0.656";"0.0"
"2528005";"2020-10-07";"20:54:58";"SPEC";"";"PAR: - 32768; Depth: - 337.4 ";""
"2533215";"2020-10-07";"20:55:03";"F";"10799";"193";"473";"0";"0.592";"0.0"
"2537005";"2020-10-07";"20:55:07";"SPEC";"";"PAR: - 32768; Depth: - 337.4 ";""
"2541325";"2020-10-07";"20:55:11";"F";"10800";"211";"594";"0";"0.645";"0.0"
"2545005";"2020-10-07";"20:55:15";"SPEC";"";"PAR: - 32768; Depth: - 337.4 ";""
"2547535";"2020-10-07";"20:55:17";"F";"10801";"209";"545";"0";"0.617";"0.0"
"2552005";"2020-10-07";"20:55:22";"SPEC";"";"PAR: - 32768; Depth: - 337.4 ";""
"2555875";"2020-10-07";"20:55:25";"F";"10802";"148";"501";"0";"0.705";"0.0"
"2559005";"2020-10-07";"20:55:29";"SPEC";"";"PAR: - 32768; Depth: - 337.4 ";""
"2560485";"2020-10-07";"20:55:30";"F";"10803";"162";"472";"0";"0.657";"0.0"
"2565005";"2020-10-07";"20:55:35";"SPEC";"";"PAR: - 32768; Depth: - 337.4 ";""
"2567035";"2020-10-07";"20:55:37";"F";"10804";"130";"438";"0";"0.703";"0.0"
"2571005";"2020-10-07";"20:55:41";"SPEC";"";"PAR: - 32768; Depth: - 337.4 ";""
"2575725";"2020-10-07";"20:55:45";"F";"10805";"164";"497";"0";"0.670";"0.0"
"2579005";"2020-10-07";"20:55:49";"SPEC";"";"PAR: - 32768; Depth: - 337.4 ";""
"2604885";"2020-10-07";"20:56:14";"F";"10806";"172";"477";"0";"0.639";"0.0"
"2609005";"2020-10-07";"20:56:19";"SPEC";"";"PAR: - 32768; Depth: - 337.4 ";""
"2613755";"2020-10-07";"20:56:23";"F";"10807";"201";"536";"0";"0.625";"0.0"
"2618005";"2020-10-07";"20:56:28";"SPEC";"";"PAR: - 32768; Depth: - 337.4 ";""
"2621475";"2020-10-07";"20:56:31";"F";"10808";"134";"396";"0";"0.662";"0.0"
"2626005";"2020-10-07";"20:56:36";"SPEC";"";"PAR: - 32768; Depth: - 337.4 ";""
"2628805";"2020-10-07";"20:56:38";"F";"10809";"207";"625";"0";"0.669";"0.0"
"2632005";"2020-10-07";"20:56:42";"SPEC";"";"PAR: - 32768; Depth: - 337.4 ";""
"2636255";"2020-10-07";"20:56:46";"F";"10810";"116";"319";"0";"0.636";"0.0"
"2641005";"2020-10-07";"20:56:51";"SPEC";"";"PAR: - 32768; Depth: - 337.4 ";""
"2642635";"2020-10-07";"20:56:52";"F";"10811";"136";"367";"0";"0.629";"0.0"
"2646005";"2020-10-07";"20:56:56";"SPEC";"";"PAR: - 32768; Depth: - 337.4 ";""
"2649535";"2020-10-07";"20:56:59";"F";"10812";"128";"361";"0";"0.645";"0.0"
"2653005";"2020-10-07";"20:57:03";"SPEC";"";"PAR: - 32768; Depth: - 337.4 ";""
"2654985";"2020-10-07";"20:57:04";"F";"10813";"156";"425";"0";"0.633";"0.0"
"2659005";"2020-10-07";"20:57:09";"SPEC";"";"PAR: - 32768; Depth: - 337.4 ";""
"2663995";"2020-10-07";"20:57:13";"F";"10814";"119";"340";"0";"0.650";"0.0"
"2668005";"2020-10-07";"20:57:18";"SPEC";"";"PAR: - 32768; Depth: - 337.4 ";""
"2668325";"2020-10-07";"20:57:18";"F";"10815";"129";"359";"0";"0.641";"0.0"
"2673005";"2020-10-07";"20:57:23";"SPEC";"";"PAR: - 32768; Depth: - 337.4 ";""
"2674795";"2020-10-07";"20:57:24";"F";"10816";"156";"416";"0";"0.625";"0.0"
"2679005";"2020-10-07";"20:57:29";"SPEC";"";"PAR: - 32768; Depth: - 337.4 ";""
"2680895";"2020-10-07";"20:57:30";"F";"10817";"160";"460";"0";"0.652";"0.0"
"2684005";"2020-10-07";"20:57:34";"SPEC";"";"PAR: - 32768; Depth: - 337.4 ";""
"2688035";"2020-10-07";"20:57:38";"F";"10818";"139";"463";"0";"0.700";"0.0"
"2693005";"2020-10-07";"20:57:43";"SPEC";"";"PAR: - 32768; Depth: - 337.4 ";""
"2695205";"2020-10-07";"20:57:45";"F";"10819";"141";"390";"0";"0.638";"0.0"
"2700005";"2020-10-07";"20:57:50";"SPEC";"";"PAR: - 32768; Depth: - 337.4 ";""
"2704085";"2020-10-07";"20:57:54";"F";"10820";"124";"384";"0";"0.677";"0.0"
"2709005";"2020-10-07";"20:57:59";"SPEC";"";"PAR: - 32768; Depth: - 337.4 ";""
"2711615";"2020-10-07";"20:58:01";"F";"10821";"143";"415";"0";"0.655";"0.0"
"2715005";"2020-10-07";"20:58:05";"SPEC";"";"PAR: - 32768; Depth: - 337.4 ";""
"2718345";"2020-10-07";"20:58:08";"F";"10822";"132";"345";"0";"0.617";"0.0"
"2722005";"2020-10-07";"20:58:12";"SPEC";"";"PAR: - 32768; Depth: - 337.4 ";""
"2724905";"2020-10-07";"20:58:14";"F";"10823";"129";"349";"0";"0.630";"0.0"
"2729005";"2020-10-07";"20:58:19";"SPEC";"";"PAR: - 32768; Depth: - 337.4 ";""
"2732895";"2020-10-07";"20:58:22";"F";"10824";"111";"308";"0";"0.640";"0.0"
"2737005";"2020-10-07";"20:58:27";"SPEC";"";"PAR: - 32768; Depth: - 337.4 ";""
"2740185";"2020-10-07";"20:58:30";"F";"10825";"183";"472";"0";"0.612";"0.0"
"2745005";"2020-10-07";"20:58:35";"SPEC";"";"PAR: - 32768; Depth: - 337.4 ";""
"2746375";"2020-10-07";"20:58:36";"F";"10826";"201";"573";"0";"0.649";"0.0"
"2751005";"2020-10-07";"20:58:41";"SPEC";"";"PAR: - 32768; Depth: - 337.4 ";""
"2754535";"2020-10-07";"20:58:44";"F";"10827";"238";"648";"0";"0.633";"0.0"
"2754540";"2020-10-07";"20:58:44";"SCHE";"";"Chart stop ";""
"2758005";"2020-10-07";"20:58:48";"SPEC";"";"PAR: - 32768; Depth: - 337.4 ";""
"2919000";"2020-10-07";"21:01:28";"SCHS";"";"Chart start ";""
"2919005";"2020-10-07";"21:01:29";"C";"";"File Nr. 430 | File Dev. ID #1, DIVING-PAM-II:  ";""
"2968755";"2020-10-07";"21:02:18";"F";"10828";"96";"365";"0";"0.737";"0.0"
"2973005";"2020-10-07";"21:02:23";"SPEC";"";"PAR: - 32768; Depth: - 337.4 ";""
"2975185";"2020-10-07";"21:02:25";"F";"10829";"220";"619";"0";"0.645";"0.0"
"2979005";"2020-10-07";"21:02:29";"SPEC";"";"PAR: - 32768; Depth: - 337.4 ";""
"2981575";"2020-10-07";"21:02:31";"F";"10830";"180";"500";"0";"0.640";"0.0"
"2986005";"2020-10-07";"21:02:36";"SPEC";"";"PAR: - 32768; Depth: - 337.4 ";""
"2988405";"2020-10-07";"21:02:38";"F";"10831";"123";"348";"0";"0.647";"0.0"
"2993005";"2020-10-07";"21:02:43";"SPEC";"";"PAR: - 32768; Depth: - 337.4 ";""
"2994935";"2020-10-07";"21:02:44";"F";"10832";"134";"346";"0";"0.613";"0.0"
"2999005";"2020-10-07";"21:02:49";"SPEC";"";"PAR: - 32768; Depth: - 337.4 ";""
"2999545";"2020-10-07";"21:02:49";"F";"10833";"124";"359";"0";"0.655";"0.0"
"3003005";"2020-10-07";"21:02:53";"SPEC";"";"PAR: - 32768; Depth: - 337.4 ";""
"3005815";"2020-10-07";"21:02:55";"F";"10834";"150";"408";"0";"0.632";"0.0"
"3010005";"2020-10-07";"21:03:00";"SPEC";"";"PAR: - 32768; Depth: - 337.4 ";""
"3012315";"2020-10-07";"21:03:02";"F";"10835";"149";"408";"0";"0.635";"0.0"
"3016005";"2020-10-07";"21:03:06";"SPEC";"";"PAR: - 32768; Depth: - 337.4 ";""
"3020955";"2020-10-07";"21:03:10";"F";"10836";"146";"383";"0";"0.619";"0.0"
"3025005";"2020-10-07";"21:03:15";"SPEC";"";"PAR: - 32768; Depth: - 337.4 ";""
"3033485";"2020-10-07";"21:03:23";"F";"10837";"123";"422";"0";"0.709";"0.0"
"3038005";"2020-10-07";"21:03:28";"SPEC";"";"PAR: - 32768; Depth: - 337.4 ";""
"3059645";"2020-10-07";"21:03:49";"F";"10838";"114";"309";"0";"0.631";"0.0"
"3064005";"2020-10-07";"21:03:54";"SPEC";"";"PAR: - 32768; Depth: - 337.4 ";""
"3068915";"2020-10-07";"21:03:58";"F";"10839";"125";"389";"0";"0.679";"0.0"
"3073005";"2020-10-07";"21:04:03";"SPEC";"";"PAR: - 32768; Depth: - 337.4 ";""
"3083055";"2020-10-07";"21:04:13";"F";"10840";"171";"494";"0";"0.654";"0.0"
"3088005";"2020-10-07";"21:04:18";"SPEC";"";"PAR: - 32768; Depth: - 337.4 ";""
"3095845";"2020-10-07";"21:04:25";"F";"10841";"187";"534";"0";"0.650";"0.0"
"3100005";"2020-10-07";"21:04:30";"SPEC";"";"PAR: - 32768; Depth: - 337.4 ";""
"3107905";"2020-10-07";"21:04:37";"F";"10842";"215";"633";"0";"0.660";"0.0"
"3112005";"2020-10-07";"21:04:42";"SPEC";"";"PAR: - 32768; Depth: - 337.4 ";""
"3113465";"2020-10-07";"21:04:43";"F";"10843";"152";"434";"0";"0.650";"0.0"
"3118005";"2020-10-07";"21:04:48";"SPEC";"";"PAR: - 32768; Depth: - 337.4 ";""
"3121195";"2020-10-07";"21:04:51";"F";"10844";"144";"504";"0";"0.714";"0.0"
"3125005";"2020-10-07";"21:04:55";"SPEC";"";"PAR: - 32768; Depth: - 337.4 ";""
"3128595";"2020-10-07";"21:04:58";"F";"10845";"151";"601";"0";"0.749";"0.0"
"3133005";"2020-10-07";"21:05:03";"SPEC";"";"PAR: - 32768; Depth: - 337.4 ";""
"3138625";"2020-10-07";"21:05:08";"F";"10846";"175";"475";"0";"0.632";"0.0"
"3143005";"2020-10-07";"21:05:13";"SPEC";"";"PAR: - 32768; Depth: - 337.4 ";""
"3150875";"2020-10-07";"21:05:20";"F";"10847";"145";"414";"0";"0.650";"0.0"
"3155005";"2020-10-07";"21:05:25";"SPEC";"";"PAR: - 32768; Depth: - 337.4 ";""
"3155275";"2020-10-07";"21:05:25";"F";"10848";"141";"401";"0";"0.648";"0.0"
"3160005";"2020-10-07";"21:05:30";"SPEC";"";"PAR: - 32768; Depth: - 337.4 ";""
"3163565";"2020-10-07";"21:05:33";"F";"10849";"149";"421";"0";"0.646";"0.0"
"3168005";"2020-10-07";"21:05:38";"SPEC";"";"PAR: - 32768; Depth: - 337.4 ";""
"3170295";"2020-10-07";"21:05:40";"F";"10850";"117";"349";"0";"0.665";"0.0"
"3174005";"2020-10-07";"21:05:44";"SPEC";"";"PAR: - 32768; Depth: - 337.4 ";""
"3176535";"2020-10-07";"21:05:46";"F";"10851";"158";"445";"0";"0.645";"0.0"
"3180005";"2020-10-07";"21:05:50";"SPEC";"";"PAR: - 32768; Depth: - 337.4 ";""
"3182365";"2020-10-07";"21:05:52";"F";"10852";"155";"455";"0";"0.659";"0.0"
"3186005";"2020-10-07";"21:05:56";"SPEC";"";"PAR: - 32768; Depth: - 337.4 ";""
"3188245";"2020-10-07";"21:05:58";"F";"10853";"162";"470";"0";"0.655";"0.0"
"3192005";"2020-10-07";"21:06:02";"SPEC";"";"PAR: - 32768; Depth: - 337.4 ";""
"3194845";"2020-10-07";"21:06:04";"F";"10854";"150";"416";"0";"0.639";"0.0"
"3198005";"2020-10-07";"21:06:08";"SPEC";"";"PAR: - 32768; Depth: - 337.4 ";""
"3200215";"2020-10-07";"21:06:10";"F";"10855";"171";"482";"0";"0.645";"0.0"
"3204005";"2020-10-07";"21:06:14";"SPEC";"";"PAR: - 32768; Depth: - 337.4 ";""
"3206435";"2020-10-07";"21:06:16";"F";"10856";"193";"562";"0";"0.657";"0.0"
"3210005";"2020-10-07";"21:06:20";"SPEC";"";"PAR: - 32768; Depth: - 337.4 ";""
"3212195";"2020-10-07";"21:06:22";"F";"10857";"94";"234";"0";"0.598";"0.0"
"3216005";"2020-10-07";"21:06:26";"SPEC";"";"PAR: - 32768; Depth: - 337.4 ";""
"3218535";"2020-10-07";"21:06:28";"F";"10858";"121";"324";"0";"0.627";"0.0"
"3222005";"2020-10-07";"21:06:32";"SPEC";"";"PAR: - 32768; Depth: - 337.4 ";""
"3225085";"2020-10-07";"21:06:35";"F";"10859";"126";"347";"0";"0.637";"0.0"
"3229005";"2020-10-07";"21:06:39";"SPEC";"";"PAR: - 32768; Depth: - 337.4 ";""
"3232885";"2020-10-07";"21:06:42";"F";"10860";"196";"682";"0";"0.713";"0.0"
"3236005";"2020-10-07";"21:06:46";"SPEC";"";"PAR: - 32768; Depth: - 337.4 ";""
"3239125";"2020-10-07";"21:06:49";"F";"10861";"147";"438";"0";"0.664";"0.0"
"3243005";"2020-10-07";"21:06:53";"SPEC";"";"PAR: - 32768; Depth: - 337.4 ";""
"3246585";"2020-10-07";"21:06:56";"F";"10862";"244";"741";"0";"0.671";"0.0"
"3250005";"2020-10-07";"21:07:00";"SPEC";"";"PAR: - 32768; Depth: - 337.4 ";""
"3261905";"2020-10-07";"21:07:11";"F";"10863";"143";"469";"0";"0.695";"0.0"
"3265005";"2020-10-07";"21:07:15";"SPEC";"";"PAR: - 32768; Depth: - 337.4 ";""
"3272385";"2020-10-07";"21:07:22";"F";"10864";"173";"526";"0";"0.671";"0.0"
"3276005";"2020-10-07";"21:07:26";"SPEC";"";"PAR: - 32768; Depth: - 337.4 ";""
"3278475";"2020-10-07";"21:07:28";"F";"10865";"172";"523";"0";"0.671";"0.0"
"3282005";"2020-10-07";"21:07:32";"SPEC";"";"PAR: - 32768; Depth: - 337.4 ";""
"3285705";"2020-10-07";"21:07:35";"F";"10866";"123";"348";"0";"0.647";"0.0"
"3289005";"2020-10-07";"21:07:39";"SPEC";"";"PAR: - 32768; Depth: - 337.4 ";""
"3290115";"2020-10-07";"21:07:40";"F";"10867";"149";"430";"0";"0.653";"0.0"
"3294005";"2020-10-07";"21:07:44";"SPEC";"";"PAR: - 32768; Depth: - 337.4 ";""
"3298905";"2020-10-07";"21:07:48";"F";"10868";"193";"562";"0";"0.657";"0.0"
"3301005";"2020-10-07";"21:07:51";"SPEC";"";"PAR: - 32768; Depth: - 337.4 ";""
"3308815";"2020-10-07";"21:07:58";"F";"10869";"149";"418";"0";"0.644";"0.0"
"3312005";"2020-10-07";"21:08:02";"SPEC";"";"PAR: - 32768; Depth: - 337.4 ";""
"3317065";"2020-10-07";"21:08:07";"F";"10870";"175";"613";"0";"0.715";"0.0"
"3321005";"2020-10-07";"21:08:11";"SPEC";"";"PAR: - 32768; Depth: - 337.4 ";""
"3325325";"2020-10-07";"21:08:15";"F";"10871";"201";"577";"0";"0.652";"0.0"
"3329005";"2020-10-07";"21:08:19";"SPEC";"";"PAR: - 32768; Depth: - 337.4 ";""
"3334805";"2020-10-07";"21:08:24";"F";"10872";"181";"536";"0";"0.662";"0.0"
"3338005";"2020-10-07";"21:08:28";"SPEC";"";"PAR: - 32768; Depth: - 337.4 ";""
"3343265";"2020-10-07";"21:08:33";"F";"10873";"179";"507";"0";"0.647";"0.0"
"3343270";"2020-10-07";"21:08:33";"SCHE";"";"Chart stop ";""
"3347005";"2020-10-07";"21:08:37";"SPEC";"";"PAR: - 32768; Depth: - 337.4 ";""
"3360000";"2020-10-07";"21:08:49";"SCHS";"";"Chart start ";""
"3360005";"2020-10-07";"21:08:50";"C";"";"File Nr. 431 | File Dev. ID #1, DIVING-PAM-II:  ";""
"3387005";"2020-10-07";"21:09:17";"SPEC";"";"PAR: - 32768; Depth: - 337.4 ";""
"3392005";"2020-10-07";"21:09:22";"SPEC";"";"PAR: - 32768; Depth: - 337.4 ";""
"3413715";"2020-10-07";"21:09:43";"F";"10874";"7";"9";"0";"-";"-"
"3418005";"2020-10-07";"21:09:48";"SPEC";"";"PAR: - 32768; Depth: - 337.4 ";""
"3423935";"2020-10-07";"21:09:53";"F";"10875";"4";"7";"0";"-";"-"
"3427005";"2020-10-07";"21:09:57";"SPEC";"";"PAR: - 32768; Depth: - 337.4 ";""
"3430735";"2020-10-07";"21:10:00";"F";"10876";"6";"9";"0";"-";"-"
"3434005";"2020-10-07";"21:10:04";"SPEC";"";"PAR: - 32768; Depth: - 337.4 ";""
"3438535";"2020-10-07";"21:10:08";"F";"10877";"2";"7";"0";"-";"-"
"3442005";"2020-10-07";"21:10:12";"SPEC";"";"PAR: - 32768; Depth: - 337.4 ";""
"3459665";"2020-10-07";"21:10:29";"F";"10878";"3";"10";"0";"-";"-"
"3463005";"2020-10-07";"21:10:33";"SPEC";"";"PAR: - 32768; Depth: - 337.4 ";""
"3520105";"2020-10-07";"21:11:30";"F";"10879";"6";"6";"0";"-";"-"
"3520110";"2020-10-07";"21:11:30";"SCHE";"";"Chart stop ";""
"3524005";"2020-10-07";"21:11:34";"SPEC";"";"PAR: - 32768; Depth: - 337.4 ";""
"3558005";"2020-10-07";"21:12:08";"SPEC";"";"PAR: - 32768; Depth: - 337.4 ";""
"3574000";"2020-10-07";"21:12:23";"SCHS";"";"Chart start ";""
"3574005";"2020-10-07";"21:12:24";"C";"";"File Nr. 432 | File Dev. ID #1, DIVING-PAM-II:  ";""
"3592205";"2020-10-07";"21:12:42";"F";"10880";"3";"10";"0";"-";"-"
"3596005";"2020-10-07";"21:12:46";"SPEC";"";"PAR: - 32768; Depth: - 337.4 ";""
"3606335";"2020-10-07";"21:12:56";"F";"10881";"3";"9";"0";"-";"-"
"3610005";"2020-10-07";"21:13:00";"SPEC";"";"PAR: - 32768; Depth: - 337.4 ";""
"3613945";"2020-10-07";"21:13:03";"F";"10882";"1";"7";"0";"-";"-"
"3617005";"2020-10-07";"21:13:07";"SPEC";"";"PAR: - 32768; Depth: - 337.4 ";""
"3622295";"2020-10-07";"21:13:12";"F";"10883";"2";"8";"0";"-";"-"
"3626005";"2020-10-07";"21:13:16";"SPEC";"";"PAR: - 32768; Depth: - 337.4 ";""
"3629155";"2020-10-07";"21:13:19";"F";"10884";"4";"7";"0";"-";"-"
"3633005";"2020-10-07";"21:13:23";"SPEC";"";"PAR: - 32768; Depth: - 337.4 ";""
"3636175";"2020-10-07";"21:13:26";"F";"10885";"3";"11";"0";"-";"-"
"3641005";"2020-10-07";"21:13:31";"SPEC";"";"PAR: - 32768; Depth: - 337.4 ";""
"3670615";"2020-10-07";"21:14:00";"F";"10886";"6";"14";"0";"-";"-"
"3674005";"2020-10-07";"21:14:04";"SPEC";"";"PAR: - 32768; Depth: - 337.4 ";""
"3678565";"2020-10-07";"21:14:08";"F";"10887";"3";"10";"0";"-";"-"
"3682005";"2020-10-07";"21:14:12";"SPEC";"";"PAR: - 32768; Depth: - 337.4 ";""
"3687565";"2020-10-07";"21:14:17";"F";"10888";"5";"8";"0";"-";"-"
"3691005";"2020-10-07";"21:14:21";"SPEC";"";"PAR: - 32768; Depth: - 337.4 ";""
"3696625";"2020-10-07";"21:14:26";"F";"10889";"2";"10";"0";"-";"-"
"3700005";"2020-10-07";"21:14:30";"SPEC";"";"PAR: - 32768; Depth: - 337.4 ";""
"3709725";"2020-10-07";"21:14:39";"F";"10890";"3";"8";"0";"-";"-"
"3713005";"2020-10-07";"21:14:43";"SPEC";"";"PAR: - 32768; Depth: - 337.4 ";""
"3722885";"2020-10-07";"21:14:52";"F";"10891";"3";"7";"0";"-";"-"
"3726005";"2020-10-07";"21:14:56";"SPEC";"";"PAR: - 32768; Depth: - 337.4 ";""
"3735235";"2020-10-07";"21:15:05";"F";"10892";"4";"10";"0";"-";"-"
"3739005";"2020-10-07";"21:15:09";"SPEC";"";"PAR: - 32768; Depth: - 337.4 ";""
"3745285";"2020-10-07";"21:15:15";"F";"10893";"4";"10";"0";"-";"-"
"3750005";"2020-10-07";"21:15:20";"SPEC";"";"PAR: - 32768; Depth: - 337.4 ";""
"3757245";"2020-10-07";"21:15:27";"F";"10894";"3";"8";"0";"-";"-"
"3761005";"2020-10-07";"21:15:31";"SPEC";"";"PAR: - 32768; Depth: - 337.4 ";""
"3764125";"2020-10-07";"21:15:34";"F";"10895";"4";"10";"0";"-";"-"
"3768005";"2020-10-07";"21:15:38";"SPEC";"";"PAR: - 32768; Depth: - 337.4 ";""
"3773675";"2020-10-07";"21:15:43";"F";"10896";"5";"13";"0";"-";"-"
"3777005";"2020-10-07";"21:15:47";"SPEC";"";"PAR: - 32768; Depth: - 337.4 ";""
"3787865";"2020-10-07";"21:15:57";"F";"10897";"2";"12";"0";"-";"-"
"3787870";"2020-10-07";"21:15:57";"SCHE";"";"Chart stop ";""
"3791005";"2020-10-07";"21:16:01";"SPEC";"";"PAR: - 32768; Depth: - 337.4 ";""
"4884000";"2020-10-07";"21:34:13";"SCHS";"";"Chart start ";""
"4884005";"2020-10-07";"21:34:14";"C";"";"File Nr. 433 | File Dev. ID #1, DIVING-PAM-II:  ";""
"4884010";"2020-10-07";"21:34:14";"SCHE";"";"Chart stop ";""
