"2020-10-14";"00:26:23";"WinControl (rev 1112) report file"
"Time (rel/ms)";"Date";"Time";"Type";"No.";"1:F";"1:Fm'";"1:PAR";"1:Y (II)";"1:ETR"
"0";"";"";"D";"";"Device Nr: #1, DIVING-PAM-II (UWFD0100A) ";""
"0";"2020-10-13";"19:10:21";"SCHS";"";"Chart start ";""
"5";"2020-10-13";"19:10:22";"C";"";"File Nr. 493 | File Dev. ID #1, DIVING-PAM-II:  ";""
"10";"2020-10-13";"19:10:22";"SCHE";"";"Chart stop ";""
"70000";"2020-10-13";"19:11:31";"SCHS";"";"Chart start ";""
"70005";"2020-10-13";"19:11:32";"C";"";"File Nr. 494 | File Dev. ID #1, DIVING-PAM-II:  ";""
"100905";"2020-10-13";"19:12:02";"F";"12274";"10";"40";"0";"-";"-"
"104005";"2020-10-13";"19:12:06";"SPEC";"";"PAR: - 32768; Depth: 0.1; Temp.: 28.7 ";""
"105965";"2020-10-13";"19:12:07";"F";"12275";"20";"37";"0";"-";"-"
"110005";"2020-10-13";"19:12:12";"SPEC";"";"PAR: - 32768; Depth: 0.1; Temp.: 28.7 ";""
"113265";"2020-10-13";"19:12:15";"F";"12276";"55";"99";"0";"0.444";"0.0"
"116025";"2020-10-13";"19:12:18";"F";"12277";"52";"64";"0";"0.188";"0.0"
"117005";"2020-10-13";"19:12:19";"SPEC";"";"PAR: - 32768; Depth: 0.1; Temp.: 28.7 ";""
"121005";"2020-10-13";"19:12:23";"SPEC";"";"PAR: - 32768; Depth: 0.1; Temp.: 28.7 ";""
"123885";"2020-10-13";"19:12:25";"F";"12278";"130";"159";"0";"0.182";"0.0"
"126595";"2020-10-13";"19:12:28";"F";"12279";"350";"458";"0";"0.236";"0.0"
"127005";"2020-10-13";"19:12:29";"SPEC";"";"PAR: - 32768; Depth: 0.1; Temp.: 28.7 ";""
"131005";"2020-10-13";"19:12:33";"SPEC";"";"PAR: - 32768; Depth: 0.1; Temp.: 28.7 ";""
"131105";"2020-10-13";"19:12:33";"F";"12280";"178";"448";"0";"0.603";"0.0"
"136005";"2020-10-13";"19:12:38";"SPEC";"";"PAR: - 32768; Depth: 0.1; Temp.: 28.7 ";""
"136175";"2020-10-13";"19:12:38";"F";"12281";"131";"207";"0";"0.367";"0.0"
"141005";"2020-10-13";"19:12:43";"SPEC";"";"PAR: - 32768; Depth: 0.1; Temp.: 28.7 ";""
"142495";"2020-10-13";"19:12:44";"F";"12282";"167";"263";"0";"0.365";"0.0"
"146005";"2020-10-13";"19:12:48";"SPEC";"";"PAR: - 32768; Depth: 0.1; Temp.: 28.7 ";""
"151145";"2020-10-13";"19:12:53";"F";"12283";"171";"300";"0";"0.430";"0.0"
"155005";"2020-10-13";"19:12:57";"SPEC";"";"PAR: - 32768; Depth: 0.1; Temp.: 28.7 ";""
"155775";"2020-10-13";"19:12:57";"F";"12284";"272";"362";"0";"0.249";"0.0"
"159005";"2020-10-13";"19:13:01";"SPEC";"";"PAR: - 32768; Depth: 0.1; Temp.: 28.7 ";""
"166825";"2020-10-13";"19:13:08";"F";"12285";"12";"28";"0";"-";"-"
"171005";"2020-10-13";"19:13:13";"SPEC";"";"PAR: - 32768; Depth: 0.1; Temp.: 28.7 ";""
"171155";"2020-10-13";"19:13:13";"F";"12286";"17";"38";"0";"-";"-"
"176005";"2020-10-13";"19:13:18";"SPEC";"";"PAR: - 32768; Depth: 0.1; Temp.: 28.7 ";""
"176055";"2020-10-13";"19:13:18";"F";"12287";"215";"470";"0";"0.543";"0.0"
"181005";"2020-10-13";"19:13:23";"SPEC";"";"PAR: - 32768; Depth: 0.1; Temp.: 28.7 ";""
"186445";"2020-10-13";"19:13:28";"F";"12288";"236";"412";"0";"0.427";"0.0"
"191005";"2020-10-13";"19:13:33";"SPEC";"";"PAR: - 32768; Depth: 0.1; Temp.: 28.7 ";""
"194735";"2020-10-13";"19:13:36";"F";"12289";"214";"373";"0";"0.426";"0.0"
"198005";"2020-10-13";"19:13:40";"SPEC";"";"PAR: - 32768; Depth: 0.1; Temp.: 28.7 ";""
"204045";"2020-10-13";"19:13:46";"F";"12290";"240";"376";"0";"0.362";"0.0"
"209005";"2020-10-13";"19:13:51";"SPEC";"";"PAR: - 32768; Depth: 0.1; Temp.: 28.7 ";""
"218465";"2020-10-13";"19:14:00";"F";"12291";"501";"650";"0";"0.229";"0.0"
"223005";"2020-10-13";"19:14:05";"SPEC";"";"PAR: - 32768; Depth: 0.1; Temp.: 28.7 ";""
"226665";"2020-10-13";"19:14:08";"F";"12292";"84";"132";"0";"0.364";"0.0"
"230005";"2020-10-13";"19:14:12";"SPEC";"";"PAR: - 32768; Depth: 0.1; Temp.: 28.7 ";""
"234535";"2020-10-13";"19:14:16";"F";"12293";"88";"130";"0";"0.323";"0.0"
"238005";"2020-10-13";"19:14:20";"SPEC";"";"PAR: - 32768; Depth: 0.1; Temp.: 28.7 ";""
"244955";"2020-10-13";"19:14:26";"F";"12294";"163";"217";"0";"0.249";"0.0"
"248005";"2020-10-13";"19:14:30";"SPEC";"";"PAR: - 32768; Depth: 0.1; Temp.: 28.7 ";""
"256175";"2020-10-13";"19:14:38";"F";"12295";"52";"92";"0";"0.435";"0.0"
"260005";"2020-10-13";"19:14:42";"SPEC";"";"PAR: - 32768; Depth: 0.1; Temp.: 28.7 ";""
"264155";"2020-10-13";"19:14:46";"F";"12296";"98";"118";"0";"0.169";"0.0"
"268005";"2020-10-13";"19:14:50";"SPEC";"";"PAR: - 32768; Depth: 0.1; Temp.: 28.7 ";""
"275025";"2020-10-13";"19:14:57";"F";"12297";"84";"111";"0";"0.243";"0.0"
"279005";"2020-10-13";"19:15:01";"SPEC";"";"PAR: - 32768; Depth: 0.1; Temp.: 28.7 ";""
"280625";"2020-10-13";"19:15:02";"F";"12298";"160";"344";"0";"0.535";"0.0"
"284005";"2020-10-13";"19:15:06";"SPEC";"";"PAR: - 32768; Depth: 0.1; Temp.: 28.7 ";""
"285925";"2020-10-13";"19:15:07";"F";"12299";"70";"106";"0";"0.340";"0.0"
"290005";"2020-10-13";"19:15:12";"SPEC";"";"PAR: - 32768; Depth: 0.1; Temp.: 28.7 ";""
"294175";"2020-10-13";"19:15:16";"F";"12300";"83";"145";"0";"0.428";"0.0"
"298005";"2020-10-13";"19:15:20";"SPEC";"";"PAR: - 32768; Depth: 0.1; Temp.: 28.7 ";""
"300565";"2020-10-13";"19:15:22";"F";"12301";"372";"622";"0";"0.402";"0.0"
"304405";"2020-10-13";"19:15:26";"F";"12302";"531";"658";"0";"0.193";"0.0"
"305005";"2020-10-13";"19:15:27";"SPEC";"";"PAR: - 32768; Depth: 0.1; Temp.: 28.7 ";""
"309005";"2020-10-13";"19:15:31";"SPEC";"";"PAR: - 32768; Depth: 0.1; Temp.: 28.7 ";""
"311665";"2020-10-13";"19:15:33";"F";"12303";"229";"283";"0";"0.191";"0.0"
"315005";"2020-10-13";"19:15:37";"SPEC";"";"PAR: - 32768; Depth: 0.1; Temp.: 28.7 ";""
"329735";"2020-10-13";"19:15:51";"F";"12304";"138";"282";"0";"0.511";"0.0"
"333005";"2020-10-13";"19:15:55";"SPEC";"";"PAR: - 32768; Depth: 0.1; Temp.: 28.7 ";""
"336755";"2020-10-13";"19:15:58";"F";"12305";"150";"268";"0";"0.440";"0.0"
"340005";"2020-10-13";"19:16:02";"SPEC";"";"PAR: - 32768; Depth: 0.1; Temp.: 28.7 ";""
"345835";"2020-10-13";"19:16:07";"F";"12306";"170";"254";"0";"0.331";"0.0"
"349595";"2020-10-13";"19:16:11";"F";"12307";"242";"514";"0";"0.529";"0.0"
"350005";"2020-10-13";"19:16:12";"SPEC";"";"PAR: - 32768; Depth: 0.1; Temp.: 28.7 ";""
"353005";"2020-10-13";"19:16:15";"SPEC";"";"PAR: - 32768; Depth: 0.1; Temp.: 28.7 ";""
"355945";"2020-10-13";"19:16:17";"F";"12308";"203";"402";"0";"0.495";"0.0"
"359005";"2020-10-13";"19:16:21";"SPEC";"";"PAR: - 32768; Depth: 0.1; Temp.: 28.7 ";""
"364895";"2020-10-13";"19:16:26";"F";"12309";"261";"294";"0";"0.112";"0.0"
"368005";"2020-10-13";"19:16:30";"SPEC";"";"PAR: - 32768; Depth: 0.1; Temp.: 28.7 ";""
"369275";"2020-10-13";"19:16:31";"F";"12310";"375";"488";"0";"0.232";"0.0"
"374005";"2020-10-13";"19:16:36";"SPEC";"";"PAR: - 32768; Depth: 0.1; Temp.: 28.7 ";""
"436135";"2020-10-13";"19:17:38";"F";"12311";"225";"305";"0";"0.262";"0.0"
"441005";"2020-10-13";"19:17:43";"SPEC";"";"PAR: - 32768; Depth: 0.1; Temp.: 28.8 ";""
"500045";"2020-10-13";"19:18:42";"F";"12312";"306";"372";"0";"0.177";"0.0"
"505005";"2020-10-13";"19:18:47";"SPEC";"";"PAR: - 32768; Depth: 0.1; Temp.: 28.8 ";""
"514465";"2020-10-13";"19:18:56";"F";"12313";"105";"105";"0";"0.000";"0.0"
"518005";"2020-10-13";"19:19:00";"SPEC";"";"PAR: - 32768; Depth: 0.1; Temp.: 28.8 ";""
"518105";"2020-10-13";"19:19:00";"F";"12314";"111";"207";"0";"0.464";"0.0"
"523005";"2020-10-13";"19:19:05";"SPEC";"";"PAR: - 32768; Depth: 0.1; Temp.: 28.8 ";""
"524485";"2020-10-13";"19:19:06";"F";"12315";"70";"88";"0";"0.205";"0.0"
"529005";"2020-10-13";"19:19:11";"SPEC";"";"PAR: - 32768; Depth: 0.1; Temp.: 28.7 ";""
"535425";"2020-10-13";"19:19:17";"F";"12316";"274";"425";"0";"0.355";"0.0"
"540005";"2020-10-13";"19:19:22";"SPEC";"";"PAR: - 32768; Depth: 0.1; Temp.: 28.8 ";""
"544875";"2020-10-13";"19:19:26";"F";"12317";"130";"226";"0";"0.425";"0.0"
"549005";"2020-10-13";"19:19:31";"SPEC";"";"PAR: - 32768; Depth: 0.1; Temp.: 28.8 ";""
"551405";"2020-10-13";"19:19:33";"F";"12318";"189";"265";"0";"0.287";"0.0"
"556005";"2020-10-13";"19:19:38";"SPEC";"";"PAR: - 32768; Depth: 0.1; Temp.: 28.8 ";""
"560085";"2020-10-13";"19:19:42";"F";"12319";"125";"267";"0";"0.532";"0.0"
"565005";"2020-10-13";"19:19:47";"SPEC";"";"PAR: - 32768; Depth: 0.1; Temp.: 28.8 ";""
"568475";"2020-10-13";"19:19:50";"F";"12320";"277";"363";"0";"0.237";"0.0"
"572005";"2020-10-13";"19:19:54";"SPEC";"";"PAR: - 32768; Depth: 0.1; Temp.: 28.8 ";""
"583555";"2020-10-13";"19:20:05";"F";"12321";"123";"200";"0";"0.385";"0.0"
"587905";"2020-10-13";"19:20:09";"F";"12322";"242";"369";"0";"0.344";"0.0"
"588005";"2020-10-13";"19:20:10";"SPEC";"";"PAR: - 32768; Depth: 0.1; Temp.: 28.8 ";""
"592005";"2020-10-13";"19:20:14";"SPEC";"";"PAR: - 32768; Depth: 0.1; Temp.: 28.8 ";""
"597005";"2020-10-13";"19:20:19";"F";"12323";"164";"360";"0";"0.544";"0.0"
"601005";"2020-10-13";"19:20:23";"SPEC";"";"PAR: - 32768; Depth: 0.1; Temp.: 28.8 ";""
"603965";"2020-10-13";"19:20:25";"F";"12324";"259";"390";"0";"0.336";"0.0"
"607005";"2020-10-13";"19:20:29";"SPEC";"";"PAR: - 32768; Depth: 0.1; Temp.: 28.7 ";""
"610405";"2020-10-13";"19:20:32";"F";"12325";"166";"229";"0";"0.275";"0.0"
"610410";"2020-10-13";"19:20:32";"SCHE";"";"Chart stop ";""
"615005";"2020-10-13";"19:20:37";"SPEC";"";"PAR: - 32768; Depth: 0.1; Temp.: 28.8 ";""
"627000";"2020-10-13";"19:20:48";"SCHS";"";"Chart start ";""
"627005";"2020-10-13";"19:20:49";"C";"";"File Nr. 495 | File Dev. ID #1, DIVING-PAM-II:  ";""
"648005";"2020-10-13";"19:21:10";"SPEC";"";"PAR: - 32768; Depth: 0.1; Temp.: 28.8 ";""
"684315";"2020-10-13";"19:21:46";"F";"12326";"14";"35";"0";"-";"-"
"688005";"2020-10-13";"19:21:50";"SPEC";"";"PAR: - 32768; Depth: 0.1; Temp.: 28.8 ";""
"694765";"2020-10-13";"19:21:56";"F";"12327";"16";"23";"0";"-";"-"
"698005";"2020-10-13";"19:22:00";"SPEC";"";"PAR: - 32768; Depth: 0.1; Temp.: 28.8 ";""
"723005";"2020-10-13";"19:22:25";"SPEC";"";"PAR: - 32768; Depth: 0.1; Temp.: 28.8 ";""
"724905";"2020-10-13";"19:22:26";"F";"12328";"8";"27";"0";"-";"-"
"728005";"2020-10-13";"19:22:30";"SPEC";"";"PAR: - 32768; Depth: 0.1; Temp.: 28.8 ";""
"733335";"2020-10-13";"19:22:35";"F";"12329";"11";"29";"0";"-";"-"
"737005";"2020-10-13";"19:22:39";"SPEC";"";"PAR: - 32768; Depth: 0.1; Temp.: 28.9 ";""
"742675";"2020-10-13";"19:22:44";"F";"12330";"7";"36";"0";"-";"-"
"746005";"2020-10-13";"19:22:48";"SPEC";"";"PAR: - 32768; Depth: 0.1; Temp.: 28.8 ";""
"749485";"2020-10-13";"19:22:51";"F";"12331";"7";"31";"0";"-";"-"
"753005";"2020-10-13";"19:22:55";"SPEC";"";"PAR: - 32768; Depth: 0.1; Temp.: 28.9 ";""
"756925";"2020-10-13";"19:22:58";"F";"12332";"0";"35";"0";"-";"-"
"760005";"2020-10-13";"19:23:02";"SPEC";"";"PAR: - 32768; Depth: 0.1; Temp.: 28.8 ";""
"764335";"2020-10-13";"19:23:06";"F";"12333";"15";"37";"0";"-";"-"
"769005";"2020-10-13";"19:23:11";"SPEC";"";"PAR: - 32768; Depth: 0.1; Temp.: 28.9 ";""
"773745";"2020-10-13";"19:23:15";"F";"12334";"22";"29";"0";"-";"-"
"777005";"2020-10-13";"19:23:19";"SPEC";"";"PAR: - 32768; Depth: 0.1; Temp.: 28.9 ";""
"785605";"2020-10-13";"19:23:27";"F";"12335";"9";"26";"0";"-";"-"
"789005";"2020-10-13";"19:23:31";"SPEC";"";"PAR: - 32768; Depth: 0.1; Temp.: 28.9 ";""
"794655";"2020-10-13";"19:23:36";"F";"12336";"2";"37";"0";"-";"-"
"798005";"2020-10-13";"19:23:40";"SPEC";"";"PAR: - 32768; Depth: 0.1; Temp.: 28.9 ";""
"802175";"2020-10-13";"19:23:44";"F";"12337";"4";"39";"0";"-";"-"
"806005";"2020-10-13";"19:23:48";"SPEC";"";"PAR: - 32768; Depth: 0.1; Temp.: 28.9 ";""
"809065";"2020-10-13";"19:23:51";"F";"12338";"12";"40";"0";"-";"-"
"813005";"2020-10-13";"19:23:55";"SPEC";"";"PAR: - 32768; Depth: 0.1; Temp.: 28.9 ";""
"822125";"2020-10-13";"19:24:04";"F";"12339";"13";"41";"0";"-";"-"
"826005";"2020-10-13";"19:24:08";"SPEC";"";"PAR: - 32768; Depth: 0.1; Temp.: 28.9 ";""
"829795";"2020-10-13";"19:24:11";"F";"12340";"14";"26";"0";"-";"-"
"833005";"2020-10-13";"19:24:15";"SPEC";"";"PAR: - 32768; Depth: 0.1; Temp.: 28.9 ";""
"835585";"2020-10-13";"19:24:17";"F";"12341";"11";"34";"0";"-";"-"
"839005";"2020-10-13";"19:24:21";"SPEC";"";"PAR: - 32768; Depth: 0.1; Temp.: 28.9 ";""
"844025";"2020-10-13";"19:24:26";"F";"12342";"12";"22";"0";"-";"-"
"848005";"2020-10-13";"19:24:30";"SPEC";"";"PAR: - 32768; Depth: 0.1; Temp.: 28.9 ";""
"853825";"2020-10-13";"19:24:35";"F";"12343";"15";"30";"0";"-";"-"
"857005";"2020-10-13";"19:24:39";"SPEC";"";"PAR: - 32768; Depth: 0.1; Temp.: 28.9 ";""
"862725";"2020-10-13";"19:24:44";"F";"12344";"3";"36";"0";"-";"-"
"866005";"2020-10-13";"19:24:48";"SPEC";"";"PAR: - 32768; Depth: 0.1; Temp.: 28.9 ";""
"870835";"2020-10-13";"19:24:52";"F";"12345";"20";"27";"0";"-";"-"
"875005";"2020-10-13";"19:24:57";"SPEC";"";"PAR: - 32768; Depth: 0.1; Temp.: 28.9 ";""
"878825";"2020-10-13";"19:25:00";"F";"12346";"5";"37";"0";"-";"-"
"882005";"2020-10-13";"19:25:04";"SPEC";"";"PAR: - 32768; Depth: 0.1; Temp.: 28.9 ";""
"885195";"2020-10-13";"19:25:07";"F";"12347";"15";"32";"0";"-";"-"
"885200";"2020-10-13";"19:25:07";"SCHE";"";"Chart stop ";""
"889005";"2020-10-13";"19:25:11";"SPEC";"";"PAR: - 32768; Depth: 0.1; Temp.: 28.9 ";""
"910000";"2020-10-13";"19:25:31";"SCHS";"";"Chart start ";""
"910005";"2020-10-13";"19:25:32";"C";"";"File Nr. 496 | File Dev. ID #1, DIVING-PAM-II:  ";""
"945435";"2020-10-13";"19:26:07";"F";"12348";"21";"28";"0";"-";"-"
"949005";"2020-10-13";"19:26:11";"SPEC";"";"PAR: - 32768; Depth: 0.1; Temp.: 29.0 ";""
"950845";"2020-10-13";"19:26:12";"F";"12349";"16";"51";"0";"0.686";"0.0"
"954005";"2020-10-13";"19:26:16";"SPEC";"";"PAR: - 32768; Depth: 0.1; Temp.: 29.0 ";""
"956675";"2020-10-13";"19:26:18";"F";"12350";"41";"71";"0";"0.423";"0.0"
"960005";"2020-10-13";"19:26:22";"SPEC";"";"PAR: - 32768; Depth: 0.1; Temp.: 29.0 ";""
"965345";"2020-10-13";"19:26:27";"F";"12351";"187";"254";"0";"0.264";"0.0"
"969005";"2020-10-13";"19:26:31";"SPEC";"";"PAR: - 32768; Depth: 0.1; Temp.: 29.0 ";""
"970285";"2020-10-13";"19:26:32";"F";"12352";"199";"314";"0";"0.366";"0.0"
"974005";"2020-10-13";"19:26:36";"SPEC";"";"PAR: - 32768; Depth: 0.1; Temp.: 29.0 ";""
"978315";"2020-10-13";"19:26:40";"F";"12353";"225";"279";"0";"0.194";"0.0"
"982005";"2020-10-13";"19:26:44";"SPEC";"";"PAR: - 32768; Depth: 0.1; Temp.: 29.0 ";""
"986855";"2020-10-13";"19:26:48";"F";"12354";"116";"148";"0";"0.216";"0.0"
"990005";"2020-10-13";"19:26:52";"SPEC";"";"PAR: - 32768; Depth: 0.1; Temp.: 29.0 ";""
"992835";"2020-10-13";"19:26:54";"F";"12355";"18";"23";"0";"-";"-"
"996005";"2020-10-13";"19:26:58";"SPEC";"";"PAR: - 32768; Depth: 0.1; Temp.: 29.0 ";""
"998785";"2020-10-13";"19:27:00";"F";"12356";"10";"38";"0";"-";"-"
"1002005";"2020-10-13";"19:27:04";"SPEC";"";"PAR: - 32768; Depth: 0.1; Temp.: 29.0 ";""
"1011645";"2020-10-13";"19:27:13";"F";"12357";"18";"38";"0";"-";"-"
"1015005";"2020-10-13";"19:27:17";"SPEC";"";"PAR: - 32768; Depth: 0.1; Temp.: 29.0 ";""
"1016755";"2020-10-13";"19:27:18";"F";"12358";"11";"45";"0";"-";"-"
"1020005";"2020-10-13";"19:27:22";"SPEC";"";"PAR: - 32768; Depth: 0.1; Temp.: 29.0 ";""
"1024485";"2020-10-13";"19:27:26";"F";"12359";"150";"197";"0";"0.239";"0.0"
"1028005";"2020-10-13";"19:27:30";"SPEC";"";"PAR: - 32768; Depth: 0.1; Temp.: 29.0 ";""
"1029565";"2020-10-13";"19:27:31";"F";"12360";"121";"152";"0";"0.204";"0.0"
"1033005";"2020-10-13";"19:27:35";"SPEC";"";"PAR: - 32768; Depth: 0.1; Temp.: 29.0 ";""
"1035275";"2020-10-13";"19:27:37";"F";"12361";"162";"326";"0";"0.503";"0.0"
"1039005";"2020-10-13";"19:27:41";"SPEC";"";"PAR: - 32768; Depth: 0.1; Temp.: 29.1 ";""
"1039325";"2020-10-13";"19:27:41";"F";"12362";"334";"448";"0";"0.254";"0.0"
"1044005";"2020-10-13";"19:27:46";"SPEC";"";"PAR: - 32768; Depth: 0.1; Temp.: 29.1 ";""
"1046805";"2020-10-13";"19:27:48";"F";"12363";"271";"338";"0";"0.198";"0.0"
"1050005";"2020-10-13";"19:27:52";"SPEC";"";"PAR: - 32768; Depth: 0.1; Temp.: 29.1 ";""
"1050275";"2020-10-13";"19:27:52";"F";"12364";"151";"230";"0";"0.343";"0.0"
"1054975";"2020-10-13";"19:27:56";"F";"12365";"213";"314";"0";"0.322";"0.0"
"1055005";"2020-10-13";"19:27:57";"SPEC";"";"PAR: - 32768; Depth: 0.1; Temp.: 29.1 ";""
"1059005";"2020-10-13";"19:28:01";"SPEC";"";"PAR: - 32768; Depth: 0.1; Temp.: 29.1 ";""
"1061485";"2020-10-13";"19:28:03";"F";"12366";"202";"274";"0";"0.263";"0.0"
"1064905";"2020-10-13";"19:28:06";"F";"12367";"179";"241";"0";"0.257";"0.0"
"1065005";"2020-10-13";"19:28:07";"SPEC";"";"PAR: - 32768; Depth: 0.1; Temp.: 29.1 ";""
"1069005";"2020-10-13";"19:28:11";"SPEC";"";"PAR: - 32768; Depth: 0.1; Temp.: 29.1 ";""
"1070205";"2020-10-13";"19:28:12";"F";"12368";"188";"260";"0";"0.277";"0.0"
"1074005";"2020-10-13";"19:28:16";"SPEC";"";"PAR: - 32768; Depth: 0.1; Temp.: 29.2 ";""
"1074925";"2020-10-13";"19:28:16";"F";"12369";"118";"167";"0";"0.293";"0.0"
"1078005";"2020-10-13";"19:28:20";"SPEC";"";"PAR: - 32768; Depth: 0.1; Temp.: 29.2 ";""
"1080325";"2020-10-13";"19:28:22";"F";"12370";"162";"230";"0";"0.296";"0.0"
"1084955";"2020-10-13";"19:28:26";"F";"12371";"131";"180";"0";"0.272";"0.0"
"1085005";"2020-10-13";"19:28:27";"SPEC";"";"PAR: - 32768; Depth: 0.1; Temp.: 29.2 ";""
"1089005";"2020-10-13";"19:28:31";"SPEC";"";"PAR: - 32768; Depth: 0.1; Temp.: 29.2 ";""
"1089375";"2020-10-13";"19:28:31";"F";"12372";"61";"72";"0";"0.153";"0.0"
"1093235";"2020-10-13";"19:28:35";"F";"12373";"251";"329";"0";"0.237";"0.0"
"1094005";"2020-10-13";"19:28:36";"SPEC";"";"PAR: - 32768; Depth: 0.1; Temp.: 29.2 ";""
"1098005";"2020-10-13";"19:28:40";"SPEC";"";"PAR: - 32768; Depth: 0.1; Temp.: 29.2 ";""
"1098775";"2020-10-13";"19:28:40";"F";"12374";"316";"498";"0";"0.365";"0.0"
"1103005";"2020-10-13";"19:28:45";"SPEC";"";"PAR: - 32768; Depth: 0.1; Temp.: 29.2 ";""
"1110555";"2020-10-13";"19:28:52";"F";"12375";"43";"62";"0";"0.306";"0.0"
"1114365";"2020-10-13";"19:28:56";"F";"12376";"33";"68";"0";"0.515";"0.0"
"1115005";"2020-10-13";"19:28:57";"SPEC";"";"PAR: - 32768; Depth: 0.1; Temp.: 29.2 ";""
"1119005";"2020-10-13";"19:29:01";"SPEC";"";"PAR: - 32768; Depth: 0.1; Temp.: 29.2 ";""
"1121945";"2020-10-13";"19:29:03";"F";"12377";"83";"148";"0";"0.439";"0.0"
"1124455";"2020-10-13";"19:29:06";"F";"12378";"187";"264";"0";"0.292";"0.0"
"1125005";"2020-10-13";"19:29:07";"SPEC";"";"PAR: - 32768; Depth: 0.1; Temp.: 29.3 ";""
"1129005";"2020-10-13";"19:29:11";"SPEC";"";"PAR: - 32768; Depth: 0.1; Temp.: 29.3 ";""
"1131415";"2020-10-13";"19:29:13";"F";"12379";"168";"266";"0";"0.368";"0.0"
"1136005";"2020-10-13";"19:29:18";"SPEC";"";"PAR: - 32768; Depth: 0.1; Temp.: 29.3 ";""
"1137955";"2020-10-13";"19:29:19";"F";"12380";"187";"233";"0";"0.197";"0.0"
"1142005";"2020-10-13";"19:29:24";"SPEC";"";"PAR: - 32768; Depth: 0.1; Temp.: 29.3 ";""
"1145585";"2020-10-13";"19:29:27";"F";"12381";"186";"379";"0";"0.509";"0.0"
"1150005";"2020-10-13";"19:29:32";"SPEC";"";"PAR: - 32768; Depth: 0.1; Temp.: 29.3 ";""
"1151325";"2020-10-13";"19:29:33";"F";"12382";"180";"267";"0";"0.326";"0.0"
"1155005";"2020-10-13";"19:29:37";"SPEC";"";"PAR: - 32768; Depth: 0.1; Temp.: 29.3 ";""
"1155805";"2020-10-13";"19:29:37";"F";"12383";"295";"374";"0";"0.211";"0.0"
"1160005";"2020-10-13";"19:29:42";"SPEC";"";"PAR: - 32768; Depth: 0.1; Temp.: 29.3 ";""
"1169035";"2020-10-13";"19:29:51";"F";"12384";"141";"208";"0";"0.322";"0.0"
"1174005";"2020-10-13";"19:29:56";"SPEC";"";"PAR: - 32768; Depth: 0.1; Temp.: 29.3 ";""
"1180735";"2020-10-13";"19:30:02";"F";"12385";"121";"209";"0";"0.421";"0.0"
"1184005";"2020-10-13";"19:30:06";"SPEC";"";"PAR: - 32768; Depth: 0.1; Temp.: 29.3 ";""
"1193915";"2020-10-13";"19:30:15";"F";"12386";"142";"200";"0";"0.290";"0.0"
"1198005";"2020-10-13";"19:30:20";"SPEC";"";"PAR: - 32768; Depth: 0.1; Temp.: 29.3 ";""
"1200335";"2020-10-13";"19:30:22";"F";"12387";"162";"227";"0";"0.286";"0.0"
"1205005";"2020-10-13";"19:30:27";"SPEC";"";"PAR: - 32768; Depth: 0.1; Temp.: 29.4 ";""
"1211175";"2020-10-13";"19:30:33";"F";"12388";"116";"247";"0";"0.530";"0.0"
"1216005";"2020-10-13";"19:30:38";"SPEC";"";"PAR: - 32768; Depth: 0.1; Temp.: 29.4 ";""
"1218945";"2020-10-13";"19:30:40";"F";"12389";"157";"297";"0";"0.471";"0.0"
"1223005";"2020-10-13";"19:30:45";"SPEC";"";"PAR: - 32768; Depth: 0.1; Temp.: 29.4 ";""
"1227315";"2020-10-13";"19:30:49";"F";"12390";"307";"367";"0";"0.163";"0.0"
"1232005";"2020-10-13";"19:30:54";"SPEC";"";"PAR: - 32768; Depth: 0.1; Temp.: 29.4 ";""
"1238295";"2020-10-13";"19:31:00";"F";"12391";"120";"198";"0";"0.394";"0.0"
"1242005";"2020-10-13";"19:31:04";"SPEC";"";"PAR: - 32768; Depth: 0.1; Temp.: 29.4 ";""
"1245395";"2020-10-13";"19:31:07";"F";"12392";"101";"174";"0";"0.420";"0.0"
"1249005";"2020-10-13";"19:31:11";"SPEC";"";"PAR: - 32768; Depth: 0.1; Temp.: 29.5 ";""
"1255195";"2020-10-13";"19:31:17";"F";"12393";"121";"190";"0";"0.363";"0.0"
"1260005";"2020-10-13";"19:31:22";"SPEC";"";"PAR: - 32768; Depth: 0.1; Temp.: 29.5 ";""
"1260635";"2020-10-13";"19:31:22";"F";"12394";"109";"201";"0";"0.458";"0.0"
"1264005";"2020-10-13";"19:31:26";"SPEC";"";"PAR: - 32768; Depth: 0.1; Temp.: 29.6 ";""
"1272775";"2020-10-13";"19:31:34";"F";"12395";"105";"240";"0";"0.563";"0.0"
"1276005";"2020-10-13";"19:31:38";"SPEC";"";"PAR: - 32768; Depth: 0.1; Temp.: 29.6 ";""
"1277365";"2020-10-13";"19:31:39";"F";"12396";"140";"266";"0";"0.474";"0.0"
"1277370";"2020-10-13";"19:31:39";"SCHE";"";"Chart stop ";""
"1281005";"2020-10-13";"19:31:43";"SPEC";"";"PAR: - 32768; Depth: 0.1; Temp.: 29.7 ";""
"1302000";"2020-10-13";"19:32:03";"SCHS";"";"Chart start ";""
"1302005";"2020-10-13";"19:32:04";"C";"";"File Nr. 497 | File Dev. ID #1, DIVING-PAM-II:  ";""
"1361605";"2020-10-13";"19:33:03";"F";"12397";"808";"1097";"0";"0.263";"0.0"
"1366005";"2020-10-13";"19:33:08";"SPEC";"";"PAR: - 32768; Depth: 0.1; Temp.: 29.8 ";""
"1407895";"2020-10-13";"19:33:49";"F";"12398";"260";"386";"0";"0.326";"0.0"
"1412005";"2020-10-13";"19:33:54";"SPEC";"";"PAR: - 32768; Depth: 0.1; Temp.: 29.8 ";""
"1412705";"2020-10-13";"19:33:54";"F";"12399";"293";"419";"0";"0.301";"0.0"
"1417005";"2020-10-13";"19:33:59";"SPEC";"";"PAR: - 32768; Depth: 0.1; Temp.: 29.8 ";""
"1419285";"2020-10-13";"19:34:01";"F";"12400";"394";"504";"0";"0.218";"0.0"
"1423875";"2020-10-13";"19:34:05";"F";"12401";"279";"388";"0";"0.281";"0.0"
"1424005";"2020-10-13";"19:34:06";"SPEC";"";"PAR: - 32768; Depth: 0.1; Temp.: 29.8 ";""
"1428005";"2020-10-13";"19:34:10";"SPEC";"";"PAR: - 32768; Depth: 0.1; Temp.: 29.8 ";""
"1428685";"2020-10-13";"19:34:10";"F";"12402";"150";"611";"0";"0.755";"0.0"
"1432005";"2020-10-13";"19:34:14";"SPEC";"";"PAR: - 32768; Depth: 0.1; Temp.: 29.8 ";""
"1433125";"2020-10-13";"19:34:15";"F";"12403";"351";"538";"0";"0.348";"0.0"
"1438005";"2020-10-13";"19:34:20";"SPEC";"";"PAR: - 32768; Depth: 0.1; Temp.: 29.8 ";""
"1439245";"2020-10-13";"19:34:21";"F";"12404";"383";"646";"0";"0.407";"0.0"
"1443005";"2020-10-13";"19:34:25";"SPEC";"";"PAR: - 32768; Depth: 0.1; Temp.: 29.8 ";""
"1444865";"2020-10-13";"19:34:26";"F";"12405";"196";"288";"0";"0.319";"0.0"
"1449005";"2020-10-13";"19:34:31";"SPEC";"";"PAR: - 32768; Depth: 0.1; Temp.: 29.8 ";""
"1450695";"2020-10-13";"19:34:32";"F";"12406";"236";"417";"0";"0.434";"0.0"
"1455005";"2020-10-13";"19:34:37";"SPEC";"";"PAR: - 32768; Depth: 0.1; Temp.: 29.8 ";""
"1466665";"2020-10-13";"19:34:48";"F";"12407";"242";"329";"0";"0.264";"0.0"
"1471005";"2020-10-13";"19:34:53";"SPEC";"";"PAR: - 32768; Depth: 0.1; Temp.: 29.8 ";""
"1474335";"2020-10-13";"19:34:56";"F";"12408";"342";"488";"0";"0.299";"0.0"
"1479005";"2020-10-13";"19:35:01";"SPEC";"";"PAR: - 32768; Depth: 0.1; Temp.: 29.9 ";""
"1481235";"2020-10-13";"19:35:03";"F";"12409";"190";"281";"0";"0.324";"0.0"
"1486005";"2020-10-13";"19:35:08";"SPEC";"";"PAR: - 32768; Depth: 0.1; Temp.: 29.8 ";""
"1487495";"2020-10-13";"19:35:09";"F";"12410";"158";"242";"0";"0.347";"0.0"
"1492005";"2020-10-13";"19:35:14";"SPEC";"";"PAR: - 32768; Depth: 0.1; Temp.: 29.9 ";""
"1494955";"2020-10-13";"19:35:16";"F";"12411";"227";"452";"0";"0.498";"0.0"
"1499005";"2020-10-13";"19:35:21";"SPEC";"";"PAR: - 32768; Depth: 0.1; Temp.: 29.9 ";""
"1499455";"2020-10-13";"19:35:21";"F";"12412";"161";"310";"0";"0.481";"0.0"
"1504005";"2020-10-13";"19:35:26";"SPEC";"";"PAR: - 32768; Depth: 0.1; Temp.: 29.9 ";""
"1510635";"2020-10-13";"19:35:32";"F";"12413";"372";"505";"0";"0.263";"0.0"
"1515005";"2020-10-13";"19:35:37";"SPEC";"";"PAR: - 32768; Depth: 0.1; Temp.: 29.8 ";""
"1517025";"2020-10-13";"19:35:39";"F";"12414";"320";"514";"0";"0.377";"0.0"
"1521005";"2020-10-13";"19:35:43";"SPEC";"";"PAR: - 32768; Depth: 0.1; Temp.: 29.9 ";""
"1526685";"2020-10-13";"19:35:48";"F";"12415";"75";"109";"0";"0.312";"0.0"
"1531005";"2020-10-13";"19:35:53";"SPEC";"";"PAR: - 32768; Depth: 0.1; Temp.: 29.9 ";""
"1551395";"2020-10-13";"19:36:13";"F";"12416";"88";"144";"0";"0.389";"0.0"
"1556005";"2020-10-13";"19:36:18";"SPEC";"";"PAR: - 32768; Depth: 0.1; Temp.: 29.8 ";""
"1575305";"2020-10-13";"19:36:37";"F";"12417";"418";"562";"0";"0.256";"0.0"
"1580005";"2020-10-13";"19:36:42";"SPEC";"";"PAR: - 32768; Depth: 0.1; Temp.: 29.8 ";""
"1580945";"2020-10-13";"19:36:42";"F";"12418";"207";"292";"0";"0.291";"0.0"
"1585005";"2020-10-13";"19:36:47";"SPEC";"";"PAR: - 32768; Depth: 0.1; Temp.: 29.8 ";""
"1587585";"2020-10-13";"19:36:49";"F";"12419";"335";"409";"0";"0.181";"0.0"
"1592005";"2020-10-13";"19:36:54";"SPEC";"";"PAR: - 32768; Depth: 0.1; Temp.: 29.8 ";""
"1593285";"2020-10-13";"19:36:55";"F";"12420";"294";"374";"0";"0.214";"0.0"
"1597005";"2020-10-13";"19:36:59";"SPEC";"";"PAR: - 32768; Depth: 0.1; Temp.: 29.9 ";""
"1598955";"2020-10-13";"19:37:00";"F";"12421";"209";"477";"0";"0.562";"0.0"
"1603005";"2020-10-13";"19:37:05";"SPEC";"";"PAR: - 32768; Depth: 0.1; Temp.: 29.9 ";""
"1604075";"2020-10-13";"19:37:06";"F";"12422";"313";"529";"0";"0.408";"0.0"
"1608005";"2020-10-13";"19:37:10";"SPEC";"";"PAR: - 32768; Depth: 0.1; Temp.: 29.9 ";""
"1611055";"2020-10-13";"19:37:13";"F";"12423";"294";"478";"0";"0.385";"0.0"
"1616005";"2020-10-13";"19:37:18";"SPEC";"";"PAR: - 32768; Depth: 0.1; Temp.: 29.9 ";""
"1617205";"2020-10-13";"19:37:19";"F";"12424";"271";"360";"0";"0.247";"0.0"
"1622005";"2020-10-13";"19:37:24";"SPEC";"";"PAR: - 32768; Depth: 0.1; Temp.: 29.9 ";""
"1627525";"2020-10-13";"19:37:29";"F";"12425";"338";"431";"0";"0.216";"0.0"
"1631005";"2020-10-13";"19:37:33";"SPEC";"";"PAR: - 32768; Depth: 0.1; Temp.: 29.9 ";""
"1634855";"2020-10-13";"19:37:36";"F";"12426";"411";"585";"0";"0.297";"0.0"
"1639005";"2020-10-13";"19:37:41";"SPEC";"";"PAR: - 32768; Depth: 0.1; Temp.: 29.9 ";""
"1639835";"2020-10-13";"19:37:41";"F";"12427";"260";"434";"0";"0.401";"0.0"
"1644005";"2020-10-13";"19:37:46";"SPEC";"";"PAR: - 32768; Depth: 0.1; Temp.: 29.9 ";""
"1644585";"2020-10-13";"19:37:46";"F";"12428";"221";"480";"0";"0.540";"0.0"
"1649005";"2020-10-13";"19:37:51";"SPEC";"";"PAR: - 32768; Depth: 0.1; Temp.: 29.9 ";""
"1652545";"2020-10-13";"19:37:54";"F";"12429";"235";"379";"0";"0.380";"0.0"
"1657005";"2020-10-13";"19:37:59";"SPEC";"";"PAR: - 32768; Depth: 0.1; Temp.: 29.9 ";""
"1660735";"2020-10-13";"19:38:02";"F";"12430";"219";"354";"0";"0.381";"0.0"
"1665005";"2020-10-13";"19:38:07";"SPEC";"";"PAR: - 32768; Depth: 0.1; Temp.: 29.9 ";""
"1666555";"2020-10-13";"19:38:08";"F";"12431";"329";"406";"0";"0.190";"0.0"
"1670005";"2020-10-13";"19:38:12";"SPEC";"";"PAR: - 32768; Depth: 0.1; Temp.: 29.8 ";""
"1681885";"2020-10-13";"19:38:23";"F";"12432";"433";"567";"0";"0.236";"0.0"
"1685005";"2020-10-13";"19:38:27";"SPEC";"";"PAR: - 32768; Depth: 0.1; Temp.: 29.8 ";""
"1685275";"2020-10-13";"19:38:27";"F";"12433";"216";"402";"0";"0.463";"0.0"
"1689005";"2020-10-13";"19:38:31";"SPEC";"";"PAR: - 32768; Depth: 0.1; Temp.: 29.9 ";""
"1693315";"2020-10-13";"19:38:35";"F";"12434";"314";"362";"0";"0.133";"0.0"
"1697005";"2020-10-13";"19:38:39";"SPEC";"";"PAR: - 32768; Depth: 0.1; Temp.: 29.9 ";""
"1699005";"2020-10-13";"19:38:41";"F";"12435";"307";"409";"0";"0.249";"0.0"
"1704005";"2020-10-13";"19:38:46";"SPEC";"";"PAR: - 32768; Depth: 0.1; Temp.: 29.9 ";""
"1705815";"2020-10-13";"19:38:47";"F";"12436";"223";"549";"0";"0.594";"0.0"
"1710005";"2020-10-13";"19:38:52";"SPEC";"";"PAR: - 32768; Depth: 0.1; Temp.: 29.9 ";""
"1710385";"2020-10-13";"19:38:52";"F";"12437";"286";"525";"0";"0.455";"0.0"
"1715005";"2020-10-13";"19:38:57";"SPEC";"";"PAR: - 32768; Depth: 0.1; Temp.: 29.8 ";""
"1722335";"2020-10-13";"19:39:04";"F";"12438";"420";"637";"0";"0.341";"0.0"
"1727005";"2020-10-13";"19:39:09";"SPEC";"";"PAR: - 32768; Depth: 0.1; Temp.: 29.9 ";""
"1727825";"2020-10-13";"19:39:09";"F";"12439";"310";"546";"0";"0.432";"0.0"
"1731005";"2020-10-13";"19:39:13";"SPEC";"";"PAR: - 32768; Depth: 0.1; Temp.: 29.9 ";""
"1734345";"2020-10-13";"19:39:16";"F";"12440";"168";"301";"0";"0.442";"0.0"
"1738145";"2020-10-13";"19:39:20";"F";"12441";"193";"314";"0";"0.385";"0.0"
"1739005";"2020-10-13";"19:39:21";"SPEC";"";"PAR: - 32768; Depth: 0.1; Temp.: 29.9 ";""
"1743005";"2020-10-13";"19:39:25";"SPEC";"";"PAR: - 32768; Depth: 0.1; Temp.: 29.9 ";""
"1743265";"2020-10-13";"19:39:25";"F";"12442";"270";"352";"0";"0.233";"0.0"
"1748005";"2020-10-13";"19:39:30";"SPEC";"";"PAR: - 32768; Depth: 0.1; Temp.: 29.9 ";""
"1748315";"2020-10-13";"19:39:30";"F";"12443";"315";"525";"0";"0.400";"0.0"
"1752005";"2020-10-13";"19:39:34";"SPEC";"";"PAR: - 32768; Depth: 0.1; Temp.: 29.9 ";""
"1756405";"2020-10-13";"19:39:38";"F";"12444";"247";"334";"0";"0.260";"0.0"
"1760005";"2020-10-13";"19:39:42";"SPEC";"";"PAR: - 32768; Depth: 0.1; Temp.: 29.9 ";""
"1760485";"2020-10-13";"19:39:42";"F";"12445";"210";"319";"0";"0.342";"0.0"
"1760490";"2020-10-13";"19:39:42";"SCHE";"";"Chart stop ";""
"1764005";"2020-10-13";"19:39:46";"SPEC";"";"PAR: - 32768; Depth: 0.1; Temp.: 29.9 ";""
"1787000";"2020-10-13";"19:40:08";"SCHS";"";"Chart start ";""
"1787005";"2020-10-13";"19:40:09";"C";"";"File Nr. 498 | File Dev. ID #1, DIVING-PAM-II:  ";""
"1813315";"2020-10-13";"19:40:35";"F";"12446";"224";"407";"0";"0.450";"0.0"
"1818005";"2020-10-13";"19:40:40";"SPEC";"";"PAR: - 32768; Depth: 0.1; Temp.: 30.0 ";""
"1821595";"2020-10-13";"19:40:43";"F";"12447";"238";"449";"0";"0.470";"0.0"
"1826005";"2020-10-13";"19:40:48";"SPEC";"";"PAR: - 32768; Depth: 0.1; Temp.: 30.0 ";""
"1830625";"2020-10-13";"19:40:52";"F";"12448";"110";"154";"0";"0.286";"0.0"
"1834005";"2020-10-13";"19:40:56";"SPEC";"";"PAR: - 32768; Depth: 0.1; Temp.: 30.0 ";""
"1855615";"2020-10-13";"19:41:17";"F";"12449";"290";"491";"0";"0.409";"0.0"
"1859005";"2020-10-13";"19:41:21";"SPEC";"";"PAR: - 32768; Depth: 0.1; Temp.: 29.9 ";""
"1860225";"2020-10-13";"19:41:22";"F";"12450";"194";"210";"0";"0.076";"0.0"
"1865005";"2020-10-13";"19:41:27";"SPEC";"";"PAR: - 32768; Depth: 0.1; Temp.: 29.9 ";""
"1866875";"2020-10-13";"19:41:28";"F";"12451";"172";"361";"0";"0.524";"0.0"
"1871005";"2020-10-13";"19:41:33";"SPEC";"";"PAR: - 32768; Depth: 0.1; Temp.: 29.9 ";""
"1878935";"2020-10-13";"19:41:40";"F";"12452";"185";"269";"0";"0.312";"0.0"
"1883005";"2020-10-13";"19:41:45";"SPEC";"";"PAR: - 32768; Depth: 0.1; Temp.: 29.9 ";""
"1955875";"2020-10-13";"19:42:57";"F";"12453";"290";"397";"0";"0.270";"0.0"
"1959005";"2020-10-13";"19:43:01";"SPEC";"";"PAR: - 32768; Depth: 0.1; Temp.: 29.8 ";""
"1971525";"2020-10-13";"19:43:13";"F";"12454";"206";"253";"0";"0.186";"0.0"
"1975005";"2020-10-13";"19:43:17";"SPEC";"";"PAR: - 32768; Depth: 0.1; Temp.: 29.8 ";""
"1975075";"2020-10-13";"19:43:17";"F";"12455";"299";"378";"0";"0.209";"0.0"
"1979005";"2020-10-13";"19:43:21";"SPEC";"";"PAR: - 32768; Depth: 0.1; Temp.: 29.8 ";""
"1982565";"2020-10-13";"19:43:24";"F";"12456";"153";"198";"0";"0.227";"0.0"
"1986005";"2020-10-13";"19:43:28";"SPEC";"";"PAR: - 32768; Depth: 0.1; Temp.: 29.8 ";""
"1987525";"2020-10-13";"19:43:29";"F";"12457";"205";"277";"0";"0.260";"0.0"
"1991005";"2020-10-13";"19:43:33";"SPEC";"";"PAR: - 32768; Depth: 0.1; Temp.: 29.7 ";""
"1991845";"2020-10-13";"19:43:33";"F";"12458";"226";"325";"0";"0.305";"0.0"
"1995005";"2020-10-13";"19:43:37";"SPEC";"";"PAR: - 32768; Depth: 0.1; Temp.: 29.8 ";""
"1995335";"2020-10-13";"19:43:37";"F";"12459";"226";"303";"0";"0.254";"0.0"
"1999005";"2020-10-13";"19:43:41";"SPEC";"";"PAR: - 32768; Depth: 0.1; Temp.: 29.8 ";""
"2003535";"2020-10-13";"19:43:45";"F";"12460";"430";"520";"0";"0.173";"0.0"
"2007005";"2020-10-13";"19:43:49";"SPEC";"";"PAR: - 32768; Depth: 0.1; Temp.: 29.8 ";""
"2007585";"2020-10-13";"19:43:49";"F";"12461";"467";"568";"0";"0.178";"0.0"
"2011005";"2020-10-13";"19:43:53";"SPEC";"";"PAR: - 32768; Depth: 0.1; Temp.: 29.8 ";""
"2012445";"2020-10-13";"19:43:54";"F";"12462";"216";"449";"0";"0.519";"0.0"
"2016005";"2020-10-13";"19:43:58";"SPEC";"";"PAR: - 32768; Depth: 0.1; Temp.: 29.8 ";""
"2020975";"2020-10-13";"19:44:02";"F";"12463";"347";"473";"0";"0.266";"0.0"
"2024005";"2020-10-13";"19:44:06";"SPEC";"";"PAR: - 32768; Depth: 0.1; Temp.: 29.8 ";""
"2025905";"2020-10-13";"19:44:07";"F";"12464";"282";"367";"0";"0.232";"0.0"
"2029005";"2020-10-13";"19:44:11";"SPEC";"";"PAR: - 32768; Depth: 0.1; Temp.: 29.8 ";""
"2032425";"2020-10-13";"19:44:14";"F";"12465";"324";"450";"0";"0.280";"0.0"
"2036005";"2020-10-13";"19:44:18";"SPEC";"";"PAR: - 32768; Depth: 0.1; Temp.: 29.8 ";""
"2036375";"2020-10-13";"19:44:18";"F";"12466";"299";"557";"0";"0.463";"0.0"
"2040005";"2020-10-13";"19:44:22";"SPEC";"";"PAR: - 32768; Depth: 0.1; Temp.: 29.8 ";""
"2047945";"2020-10-13";"19:44:29";"F";"12467";"305";"419";"0";"0.272";"0.0"
"2052005";"2020-10-13";"19:44:34";"SPEC";"";"PAR: - 32768; Depth: 0.1; Temp.: 29.8 ";""
"2055855";"2020-10-13";"19:44:37";"F";"12468";"161";"166";"0";"0.030";"0.0"
"2060005";"2020-10-13";"19:44:42";"SPEC";"";"PAR: - 32768; Depth: 0.1; Temp.: 29.8 ";""
"2060375";"2020-10-13";"19:44:42";"F";"12469";"278";"504";"0";"0.448";"0.0"
"2064005";"2020-10-13";"19:44:46";"SPEC";"";"PAR: - 32768; Depth: 0.1; Temp.: 29.8 ";""
"2073975";"2020-10-13";"19:44:55";"F";"12470";"241";"573";"0";"0.579";"0.0"
"2078005";"2020-10-13";"19:45:00";"SPEC";"";"PAR: - 32768; Depth: 0.1; Temp.: 29.8 ";""
"2083435";"2020-10-13";"19:45:05";"F";"12471";"231";"231";"0";"0.000";"0.0"
"2088005";"2020-10-13";"19:45:10";"SPEC";"";"PAR: - 32768; Depth: 0.1; Temp.: 29.8 ";""
"2088285";"2020-10-13";"19:45:10";"F";"12472";"403";"621";"0";"0.351";"0.0"
"2093005";"2020-10-13";"19:45:15";"SPEC";"";"PAR: - 32768; Depth: 0.1; Temp.: 29.8 ";""
"2095755";"2020-10-13";"19:45:17";"F";"12473";"456";"672";"0";"0.321";"0.0"
"2100005";"2020-10-13";"19:45:22";"SPEC";"";"PAR: - 32768; Depth: 0.1; Temp.: 29.8 ";""
"2102575";"2020-10-13";"19:45:24";"F";"12474";"373";"537";"0";"0.305";"0.0"
"2107005";"2020-10-13";"19:45:29";"SPEC";"";"PAR: - 32768; Depth: 0.1; Temp.: 29.8 ";""
"2107245";"2020-10-13";"19:45:29";"F";"12475";"403";"506";"0";"0.204";"0.0"
"2112005";"2020-10-13";"19:45:34";"SPEC";"";"PAR: - 32768; Depth: 0.1; Temp.: 29.8 ";""
"2216605";"2020-10-13";"19:47:18";"F";"12476";"408";"480";"0";"0.150";"0.0"
"2220005";"2020-10-13";"19:47:22";"SPEC";"";"PAR: - 32768; Depth: 0.1; Temp.: 29.9 ";""
"2224275";"2020-10-13";"19:47:26";"F";"12477";"347";"453";"0";"0.234";"0.0"
"2228005";"2020-10-13";"19:47:30";"SPEC";"";"PAR: - 32768; Depth: 0.1; Temp.: 29.9 ";""
"2230555";"2020-10-13";"19:47:32";"F";"12478";"353";"635";"0";"0.444";"0.0"
"2235005";"2020-10-13";"19:47:37";"SPEC";"";"PAR: - 32768; Depth: 0.1; Temp.: 29.8 ";""
"2240845";"2020-10-13";"19:47:42";"F";"12479";"85";"128";"0";"0.336";"0.0"
"2245005";"2020-10-13";"19:47:47";"SPEC";"";"PAR: - 32768; Depth: 0.1; Temp.: 29.9 ";""
"2250105";"2020-10-13";"19:47:52";"F";"12480";"101";"128";"0";"0.211";"0.0"
"2254005";"2020-10-13";"19:47:56";"F";"12481";"148";"229";"0";"0.354";"0.0"
"2255005";"2020-10-13";"19:47:57";"SPEC";"";"PAR: - 32768; Depth: 0.1; Temp.: 29.9 ";""
"2259005";"2020-10-13";"19:48:01";"SPEC";"";"PAR: - 32768; Depth: 0.1; Temp.: 29.9 ";""
"2261375";"2020-10-13";"19:48:03";"F";"12482";"241";"392";"0";"0.385";"0.0"
"2265005";"2020-10-13";"19:48:07";"SPEC";"";"PAR: - 32768; Depth: 0.1; Temp.: 29.8 ";""
"2265085";"2020-10-13";"19:48:07";"F";"12483";"188";"265";"0";"0.291";"0.0"
"2270005";"2020-10-13";"19:48:12";"SPEC";"";"PAR: - 32768; Depth: 0.1; Temp.: 29.9 ";""
"2271855";"2020-10-13";"19:48:13";"F";"12484";"224";"324";"0";"0.309";"0.0"
"2276005";"2020-10-13";"19:48:18";"SPEC";"";"PAR: - 32768; Depth: 0.1; Temp.: 29.8 ";""
"2277305";"2020-10-13";"19:48:19";"F";"12485";"306";"366";"0";"0.164";"0.0"
"2282005";"2020-10-13";"19:48:24";"SPEC";"";"PAR: - 32768; Depth: 0.1; Temp.: 29.8 ";""
"2284605";"2020-10-13";"19:48:26";"F";"12486";"360";"500";"0";"0.280";"0.0"
"2288005";"2020-10-13";"19:48:30";"SPEC";"";"PAR: - 32768; Depth: 0.1; Temp.: 29.9 ";""
"2288725";"2020-10-13";"19:48:30";"F";"12487";"364";"479";"0";"0.240";"0.0"
"2293005";"2020-10-13";"19:48:35";"SPEC";"";"PAR: - 32768; Depth: 0.1; Temp.: 29.9 ";""
"2296395";"2020-10-13";"19:48:38";"F";"12488";"227";"356";"0";"0.362";"0.0"
"2300005";"2020-10-13";"19:48:42";"SPEC";"";"PAR: - 32768; Depth: 0.1; Temp.: 29.9 ";""
"2302095";"2020-10-13";"19:48:44";"F";"12489";"224";"319";"0";"0.298";"0.0"
"2307005";"2020-10-13";"19:48:49";"SPEC";"";"PAR: - 32768; Depth: 0.1; Temp.: 29.9 ";""
"2319555";"2020-10-13";"19:49:01";"F";"12490";"318";"371";"0";"0.143";"0.0"
"2324005";"2020-10-13";"19:49:06";"SPEC";"";"PAR: - 32768; Depth: 0.1; Temp.: 29.9 ";""
"2325075";"2020-10-13";"19:49:07";"F";"12491";"370";"516";"0";"0.283";"0.0"
"2329005";"2020-10-13";"19:49:11";"SPEC";"";"PAR: - 32768; Depth: 0.1; Temp.: 29.8 ";""
"2332825";"2020-10-13";"19:49:14";"F";"12492";"102";"147";"0";"0.306";"0.0"
"2336005";"2020-10-13";"19:49:18";"SPEC";"";"PAR: - 32768; Depth: 0.1; Temp.: 29.9 ";""
"2340915";"2020-10-13";"19:49:22";"F";"12493";"389";"476";"0";"0.183";"0.0"
"2344005";"2020-10-13";"19:49:26";"SPEC";"";"PAR: - 32768; Depth: 0.1; Temp.: 29.8 ";""
"2346735";"2020-10-13";"19:49:28";"F";"12494";"174";"207";"0";"0.159";"0.0"
"2350005";"2020-10-13";"19:49:32";"SPEC";"";"PAR: - 32768; Depth: 0.1; Temp.: 29.9 ";""
"2352025";"2020-10-13";"19:49:34";"F";"12495";"139";"213";"0";"0.347";"0.0"
"2357005";"2020-10-13";"19:49:39";"SPEC";"";"PAR: - 32768; Depth: 0.1; Temp.: 29.9 ";""
"2357885";"2020-10-13";"19:49:39";"F";"12496";"131";"204";"0";"0.358";"0.0"
"2362005";"2020-10-13";"19:49:44";"SPEC";"";"PAR: - 32768; Depth: 0.1; Temp.: 29.9 ";""
"2408575";"2020-10-13";"19:50:30";"F";"12497";"370";"536";"0";"0.310";"0.0"
"2413005";"2020-10-13";"19:50:35";"SPEC";"";"PAR: - 32768; Depth: 0.1; Temp.: 29.9 ";""
"2418135";"2020-10-13";"19:50:40";"F";"12498";"166";"225";"0";"0.262";"0.0"
"2421715";"2020-10-13";"19:50:43";"F";"12499";"359";"445";"0";"0.193";"0.0"
"2421720";"2020-10-13";"19:50:43";"SCHE";"";"Chart stop ";""
"2422005";"2020-10-13";"19:50:44";"SPEC";"";"PAR: - 32768; Depth: 0.1; Temp.: 29.9 ";""
"2426005";"2020-10-13";"19:50:48";"SPEC";"";"PAR: - 32768; Depth: 0.1; Temp.: 29.9 ";""
"2476000";"2020-10-13";"19:51:37";"SCHS";"";"Chart start ";""
"2476005";"2020-10-13";"19:51:38";"C";"";"File Nr. 499 | File Dev. ID #1, DIVING-PAM-II:  ";""
"2487625";"2020-10-13";"19:51:49";"F";"12500";"225";"442";"0";"0.491";"0.0"
"2492005";"2020-10-13";"19:51:54";"SPEC";"";"PAR: - 32768; Depth: 0.1; Temp.: 29.9 ";""
"2493405";"2020-10-13";"19:51:55";"F";"12501";"281";"547";"0";"0.486";"0.0"
"2498005";"2020-10-13";"19:52:00";"SPEC";"";"PAR: - 32768; Depth: 0.1; Temp.: 29.9 ";""
"2501825";"2020-10-13";"19:52:03";"F";"12502";"338";"483";"0";"0.300";"0.0"
"2505535";"2020-10-13";"19:52:07";"F";"12503";"275";"391";"0";"0.297";"0.0"
"2506005";"2020-10-13";"19:52:08";"SPEC";"";"PAR: - 32768; Depth: 0.1; Temp.: 29.9 ";""
"2509005";"2020-10-13";"19:52:11";"SPEC";"";"PAR: - 32768; Depth: 0.1; Temp.: 29.9 ";""
"2509965";"2020-10-13";"19:52:11";"F";"12504";"203";"464";"0";"0.563";"0.0"
"2513005";"2020-10-13";"19:52:15";"SPEC";"";"PAR: - 32768; Depth: 0.1; Temp.: 29.9 ";""
"2515525";"2020-10-13";"19:52:17";"F";"12505";"211";"372";"0";"0.433";"0.0"
"2519005";"2020-10-13";"19:52:21";"SPEC";"";"PAR: - 32768; Depth: 0.1; Temp.: 29.9 ";""
"2521635";"2020-10-13";"19:52:23";"F";"12506";"333";"598";"0";"0.443";"0.0"
"2526005";"2020-10-13";"19:52:28";"SPEC";"";"PAR: - 32768; Depth: 0.1; Temp.: 29.9 ";""
"2530125";"2020-10-13";"19:52:32";"F";"12507";"349";"608";"0";"0.426";"0.0"
"2534005";"2020-10-13";"19:52:36";"SPEC";"";"PAR: - 32768; Depth: 0.1; Temp.: 29.9 ";""
"2534655";"2020-10-13";"19:52:36";"F";"12508";"219";"458";"0";"0.522";"0.0"
"2538115";"2020-10-13";"19:52:40";"F";"12509";"276";"510";"0";"0.459";"0.0"
"2539005";"2020-10-13";"19:52:41";"SPEC";"";"PAR: - 32768; Depth: 0.1; Temp.: 29.9 ";""
"2543005";"2020-10-13";"19:52:45";"SPEC";"";"PAR: - 32768; Depth: 0.1; Temp.: 29.9 ";""
"2545905";"2020-10-13";"19:52:47";"F";"12510";"327";"554";"0";"0.410";"0.0"
"2550005";"2020-10-13";"19:52:52";"SPEC";"";"PAR: - 32768; Depth: 0.1; Temp.: 29.9 ";""
"2551045";"2020-10-13";"19:52:53";"F";"12511";"264";"456";"0";"0.421";"0.0"
"2556005";"2020-10-13";"19:52:58";"SPEC";"";"PAR: - 32768; Depth: 0.1; Temp.: 29.9 ";""
"2561925";"2020-10-13";"19:53:03";"F";"12512";"195";"349";"0";"0.441";"0.0"
"2565005";"2020-10-13";"19:53:07";"SPEC";"";"PAR: - 32768; Depth: 0.1; Temp.: 29.9 ";""
"2565045";"2020-10-13";"19:53:07";"F";"12513";"189";"336";"0";"0.438";"0.0"
"2569235";"2020-10-13";"19:53:11";"F";"12514";"374";"656";"0";"0.430";"0.0"
"2570005";"2020-10-13";"19:53:12";"SPEC";"";"PAR: - 32768; Depth: 0.1; Temp.: 29.9 ";""
"2572905";"2020-10-13";"19:53:14";"F";"12515";"282";"521";"0";"0.459";"0.0"
"2573005";"2020-10-13";"19:53:15";"SPEC";"";"PAR: - 32768; Depth: 0.1; Temp.: 29.9 ";""
"2577005";"2020-10-13";"19:53:19";"SPEC";"";"PAR: - 32768; Depth: 0.1; Temp.: 29.9 ";""
"2579105";"2020-10-13";"19:53:21";"F";"12516";"170";"323";"0";"0.474";"0.0"
"2583005";"2020-10-13";"19:53:25";"SPEC";"";"PAR: - 32768; Depth: 0.1; Temp.: 29.9 ";""
"2585405";"2020-10-13";"19:53:27";"F";"12517";"260";"469";"0";"0.446";"0.0"
"2589005";"2020-10-13";"19:53:31";"SPEC";"";"PAR: - 32768; Depth: 0.1; Temp.: 29.9 ";""
"2593915";"2020-10-13";"19:53:35";"F";"12518";"141";"239";"0";"0.410";"0.0"
"2596145";"2020-10-13";"19:53:38";"F";"12519";"237";"400";"0";"0.408";"0.0"
"2597005";"2020-10-13";"19:53:39";"SPEC";"";"PAR: - 32768; Depth: 0.1; Temp.: 29.9 ";""
"2601005";"2020-10-13";"19:53:43";"SPEC";"";"PAR: - 32768; Depth: 0.1; Temp.: 29.9 ";""
"2602275";"2020-10-13";"19:53:44";"F";"12520";"322";"500";"0";"0.356";"0.0"
"2605785";"2020-10-13";"19:53:47";"F";"12521";"284";"435";"0";"0.347";"0.0"
"2606005";"2020-10-13";"19:53:48";"SPEC";"";"PAR: - 32768; Depth: 0.1; Temp.: 29.9 ";""
"2610005";"2020-10-13";"19:53:52";"SPEC";"";"PAR: - 32768; Depth: 0.1; Temp.: 29.9 ";""
"2610805";"2020-10-13";"19:53:52";"F";"12522";"252";"479";"0";"0.474";"0.0"
"2614005";"2020-10-13";"19:53:56";"SPEC";"";"PAR: - 32768; Depth: 0.1; Temp.: 29.9 ";""
"2614785";"2020-10-13";"19:53:56";"F";"12523";"176";"489";"0";"0.640";"0.0"
"2618005";"2020-10-13";"19:54:00";"SPEC";"";"PAR: - 32768; Depth: 0.1; Temp.: 29.9 ";""
"2621655";"2020-10-13";"19:54:03";"F";"12524";"209";"492";"0";"0.575";"0.0"
"2626005";"2020-10-13";"19:54:08";"SPEC";"";"PAR: - 32768; Depth: 0.1; Temp.: 29.9 ";""
"2626355";"2020-10-13";"19:54:08";"F";"12525";"258";"416";"0";"0.380";"0.0"
"2630005";"2020-10-13";"19:54:12";"SPEC";"";"PAR: - 32768; Depth: 0.1; Temp.: 29.9 ";""
"2634305";"2020-10-13";"19:54:16";"F";"12526";"238";"522";"0";"0.544";"0.0"
"2638005";"2020-10-13";"19:54:20";"SPEC";"";"PAR: - 32768; Depth: 0.1; Temp.: 29.9 ";""
"2647085";"2020-10-13";"19:54:29";"F";"12527";"227";"477";"0";"0.524";"0.0"
"2652005";"2020-10-13";"19:54:34";"SPEC";"";"PAR: - 32768; Depth: 0.1; Temp.: 29.9 ";""
"2662855";"2020-10-13";"19:54:44";"F";"12528";"159";"314";"0";"0.494";"0.0"
"2666005";"2020-10-13";"19:54:48";"SPEC";"";"PAR: - 32768; Depth: 0.1; Temp.: 29.9 ";""
"2668985";"2020-10-13";"19:54:50";"F";"12529";"120";"366";"0";"0.672";"0.0"
"2673005";"2020-10-13";"19:54:55";"SPEC";"";"PAR: - 32768; Depth: 0.1; Temp.: 29.9 ";""
"2682185";"2020-10-13";"19:55:04";"F";"12530";"263";"654";"0";"0.598";"0.0"
"2686005";"2020-10-13";"19:55:08";"SPEC";"";"PAR: - 32768; Depth: 0.1; Temp.: 29.9 ";""
"2689985";"2020-10-13";"19:55:11";"F";"12531";"189";"306";"0";"0.382";"0.0"
"2693005";"2020-10-13";"19:55:15";"SPEC";"";"PAR: - 32768; Depth: 0.1; Temp.: 29.9 ";""
"2701385";"2020-10-13";"19:55:23";"F";"12532";"148";"321";"0";"0.539";"0.0"
"2705545";"2020-10-13";"19:55:27";"F";"12533";"143";"259";"0";"0.448";"0.0"
"2706005";"2020-10-13";"19:55:28";"SPEC";"";"PAR: - 32768; Depth: 0.1; Temp.: 29.9 ";""
"2710005";"2020-10-13";"19:55:32";"SPEC";"";"PAR: - 32768; Depth: 0.1; Temp.: 29.9 ";""
"2711615";"2020-10-13";"19:55:33";"F";"12534";"318";"590";"0";"0.461";"0.0"
"2715005";"2020-10-13";"19:55:37";"SPEC";"";"PAR: - 32768; Depth: 0.1; Temp.: 29.9 ";""
"2715605";"2020-10-13";"19:55:37";"F";"12535";"168";"225";"0";"0.253";"0.0"
"2719005";"2020-10-13";"19:55:41";"SPEC";"";"PAR: - 32768; Depth: 0.1; Temp.: 29.9 ";""
"2724675";"2020-10-13";"19:55:46";"F";"12536";"348";"584";"0";"0.404";"0.0"
"2728005";"2020-10-13";"19:55:50";"SPEC";"";"PAR: - 32768; Depth: 0.1; Temp.: 29.9 ";""
"2732105";"2020-10-13";"19:55:54";"F";"12537";"330";"462";"0";"0.286";"0.0"
"2736005";"2020-10-13";"19:55:58";"SPEC";"";"PAR: - 32768; Depth: 0.1; Temp.: 29.9 ";""
"2738155";"2020-10-13";"19:56:00";"F";"12538";"277";"553";"0";"0.499";"0.0"
"2742005";"2020-10-13";"19:56:04";"SPEC";"";"PAR: - 32768; Depth: 0.1; Temp.: 29.9 ";""
"2743105";"2020-10-13";"19:56:05";"F";"12539";"304";"549";"0";"0.446";"0.0"
"2747005";"2020-10-13";"19:56:09";"SPEC";"";"PAR: - 32768; Depth: 0.1; Temp.: 29.9 ";""
"2756385";"2020-10-13";"19:56:18";"F";"12540";"302";"652";"0";"0.537";"0.0"
"2760005";"2020-10-13";"19:56:22";"SPEC";"";"PAR: - 32768; Depth: 0.1; Temp.: 29.9 ";""
"2770525";"2020-10-13";"19:56:32";"F";"12541";"252";"600";"0";"0.580";"0.0"
"2774005";"2020-10-13";"19:56:36";"SPEC";"";"PAR: - 32768; Depth: 0.1; Temp.: 29.9 ";""
"2775545";"2020-10-13";"19:56:37";"F";"12542";"356";"648";"0";"0.451";"0.0"
"2779005";"2020-10-13";"19:56:41";"SPEC";"";"PAR: - 32768; Depth: 0.1; Temp.: 29.9 ";""
"2781165";"2020-10-13";"19:56:43";"F";"12543";"187";"558";"0";"0.665";"0.0"
"2786005";"2020-10-13";"19:56:48";"SPEC";"";"PAR: - 32768; Depth: 0.1; Temp.: 30.0 ";""
"2786045";"2020-10-13";"19:56:48";"F";"12544";"243";"555";"0";"0.562";"0.0"
"2791005";"2020-10-13";"19:56:53";"SPEC";"";"PAR: - 32768; Depth: 0.1; Temp.: 29.9 ";""
"2794225";"2020-10-13";"19:56:56";"F";"12545";"338";"556";"0";"0.392";"0.0"
"2798005";"2020-10-13";"19:57:00";"SPEC";"";"PAR: - 32768; Depth: 0.1; Temp.: 30.0 ";""
"2798365";"2020-10-13";"19:57:00";"F";"12546";"289";"528";"0";"0.453";"0.0"
"2802955";"2020-10-13";"19:57:04";"F";"12547";"298";"622";"0";"0.521";"0.0"
"2803005";"2020-10-13";"19:57:05";"SPEC";"";"PAR: - 32768; Depth: 0.1; Temp.: 29.9 ";""
"2805565";"2020-10-13";"19:57:07";"F";"12548";"267";"548";"0";"0.513";"0.0"
"2807005";"2020-10-13";"19:57:09";"SPEC";"";"PAR: - 32768; Depth: 0.1; Temp.: 30.0 ";""
"2810005";"2020-10-13";"19:57:12";"SPEC";"";"PAR: - 32768; Depth: 0.1; Temp.: 30.0 ";""
"2811445";"2020-10-13";"19:57:13";"F";"12549";"130";"442";"0";"0.706";"0.0"
"2815005";"2020-10-13";"19:57:17";"SPEC";"";"PAR: - 32768; Depth: 0.1; Temp.: 30.0 ";""
"2816305";"2020-10-13";"19:57:18";"F";"12550";"200";"478";"0";"0.582";"0.0"
"2820005";"2020-10-13";"19:57:22";"SPEC";"";"PAR: - 32768; Depth: 0.1; Temp.: 30.0 ";""
"2826995";"2020-10-13";"19:57:28";"F";"12551";"257";"541";"0";"0.525";"0.0"
"2827000";"2020-10-13";"19:57:28";"SCHE";"";"Chart stop ";""
"2831005";"2020-10-13";"19:57:33";"SPEC";"";"PAR: - 32768; Depth: 0.1; Temp.: 30.0 ";""
"2863000";"2020-10-13";"19:58:04";"SCHS";"";"Chart start ";""
"2863005";"2020-10-13";"19:58:05";"C";"";"File Nr. 500 | File Dev. ID #1, DIVING-PAM-II:  ";""
"2894385";"2020-10-13";"19:58:36";"F";"12552";"132";"272";"0";"0.515";"0.0"
"2898005";"2020-10-13";"19:58:40";"SPEC";"";"PAR: - 32768; Depth: 0.1; Temp.: 30.0 ";""
"2901925";"2020-10-13";"19:58:43";"F";"12553";"268";"582";"0";"0.540";"0.0"
"2905005";"2020-10-13";"19:58:47";"SPEC";"";"PAR: - 32768; Depth: 0.1; Temp.: 30.0 ";""
"2916585";"2020-10-13";"19:58:58";"F";"12554";"409";"895";"0";"0.543";"0.0"
"2921005";"2020-10-13";"19:59:03";"SPEC";"";"PAR: - 32768; Depth: 0.1; Temp.: 30.0 ";""
"2933545";"2020-10-13";"19:59:15";"F";"12555";"213";"460";"0";"0.537";"0.0"
"2937355";"2020-10-13";"19:59:19";"F";"12556";"260";"542";"0";"0.520";"0.0"
"2938005";"2020-10-13";"19:59:20";"SPEC";"";"PAR: - 32768; Depth: 0.1; Temp.: 30.1 ";""
"2942005";"2020-10-13";"19:59:24";"SPEC";"";"PAR: - 32768; Depth: 0.1; Temp.: 30.0 ";""
"2943235";"2020-10-13";"19:59:25";"F";"12557";"391";"753";"0";"0.481";"0.0"
"2947225";"2020-10-13";"19:59:29";"F";"12558";"389";"754";"0";"0.484";"0.0"
"2948005";"2020-10-13";"19:59:30";"SPEC";"";"PAR: - 32768; Depth: 0.1; Temp.: 30.0 ";""
"2953005";"2020-10-13";"19:59:35";"SPEC";"";"PAR: - 32768; Depth: 0.1; Temp.: 30.0 ";""
"2955645";"2020-10-13";"19:59:37";"F";"12559";"208";"349";"0";"0.404";"0.0"
"2960005";"2020-10-13";"19:59:42";"SPEC";"";"PAR: - 32768; Depth: 0.1; Temp.: 30.1 ";""
"2963805";"2020-10-13";"19:59:45";"F";"12560";"229";"511";"0";"0.552";"0.0"
"2968005";"2020-10-13";"19:59:50";"SPEC";"";"PAR: - 32768; Depth: 0.1; Temp.: 30.0 ";""
"2976635";"2020-10-13";"19:59:58";"F";"12561";"372";"709";"0";"0.475";"0.0"
"2980155";"2020-10-13";"20:00:02";"F";"12562";"339";"680";"0";"0.501";"0.0"
"2981005";"2020-10-13";"20:00:03";"SPEC";"";"PAR: - 32768; Depth: 0.1; Temp.: 30.0 ";""
"2985005";"2020-10-13";"20:00:07";"SPEC";"";"PAR: - 32768; Depth: 0.1; Temp.: 30.0 ";""
"2985425";"2020-10-13";"20:00:07";"F";"12563";"344";"526";"0";"0.346";"0.0"
"2989875";"2020-10-13";"20:00:11";"F";"12564";"413";"651";"0";"0.366";"0.0"
"2990005";"2020-10-13";"20:00:12";"SPEC";"";"PAR: - 32768; Depth: 0.1; Temp.: 30.1 ";""
"2994005";"2020-10-13";"20:00:16";"SPEC";"";"PAR: - 32768; Depth: 0.1; Temp.: 30.1 ";""
"2995845";"2020-10-13";"20:00:17";"F";"12565";"340";"587";"0";"0.421";"0.0"
"2998395";"2020-10-13";"20:00:20";"F";"12566";"331";"550";"0";"0.398";"0.0"
"3000005";"2020-10-13";"20:00:22";"SPEC";"";"PAR: - 32768; Depth: 0.1; Temp.: 30.0 ";""
"3002945";"2020-10-13";"20:00:24";"F";"12567";"330";"604";"0";"0.454";"0.0"
"3003005";"2020-10-13";"20:00:25";"SPEC";"";"PAR: - 32768; Depth: 0.1; Temp.: 30.1 ";""
"3007005";"2020-10-13";"20:00:29";"SPEC";"";"PAR: - 32768; Depth: 0.1; Temp.: 30.1 ";""
"3007555";"2020-10-13";"20:00:29";"F";"12568";"247";"479";"0";"0.484";"0.0"
"3012005";"2020-10-13";"20:00:34";"SPEC";"";"PAR: - 32768; Depth: 0.1; Temp.: 30.1 ";""
"3013525";"2020-10-13";"20:00:35";"F";"12569";"315";"556";"0";"0.433";"0.0"
"3018005";"2020-10-13";"20:00:40";"SPEC";"";"PAR: - 32768; Depth: 0.1; Temp.: 30.1 ";""
"3018085";"2020-10-13";"20:00:40";"F";"12570";"262";"453";"0";"0.422";"0.0"
"3022005";"2020-10-13";"20:00:44";"SPEC";"";"PAR: - 32768; Depth: 0.1; Temp.: 30.0 ";""
"3025705";"2020-10-13";"20:00:47";"F";"12571";"363";"590";"0";"0.385";"0.0"
"3028025";"2020-10-13";"20:00:50";"F";"12572";"277";"543";"0";"0.490";"0.0"
"3029005";"2020-10-13";"20:00:51";"SPEC";"";"PAR: - 32768; Depth: 0.1; Temp.: 30.1 ";""
"3033005";"2020-10-13";"20:00:55";"SPEC";"";"PAR: - 32768; Depth: 0.1; Temp.: 30.1 ";""
"3040475";"2020-10-13";"20:01:02";"F";"12573";"256";"449";"0";"0.430";"0.0"
"3044005";"2020-10-13";"20:01:06";"SPEC";"";"PAR: - 32768; Depth: 0.1; Temp.: 30.1 ";""
"3044065";"2020-10-13";"20:01:06";"F";"12574";"300";"654";"0";"0.541";"0.0"
"3049005";"2020-10-13";"20:01:11";"SPEC";"";"PAR: - 32768; Depth: 0.1; Temp.: 30.1 ";""
"3049415";"2020-10-13";"20:01:11";"F";"12575";"313";"537";"0";"0.417";"0.0"
"3053005";"2020-10-13";"20:01:15";"SPEC";"";"PAR: - 32768; Depth: 0.1; Temp.: 30.1 ";""
"3053975";"2020-10-13";"20:01:15";"F";"12576";"379";"652";"0";"0.419";"0.0"
"3058005";"2020-10-13";"20:01:20";"SPEC";"";"PAR: - 32768; Depth: 0.1; Temp.: 30.1 ";""
"3062875";"2020-10-13";"20:01:24";"F";"12577";"409";"892";"0";"0.541";"0.0"
"3066005";"2020-10-13";"20:01:28";"SPEC";"";"PAR: - 32768; Depth: 0.1; Temp.: 30.1 ";""
"3070915";"2020-10-13";"20:01:32";"F";"12578";"194";"357";"0";"0.457";"0.0"
"3074005";"2020-10-13";"20:01:36";"SPEC";"";"PAR: - 32768; Depth: 0.1; Temp.: 30.1 ";""
"3083745";"2020-10-13";"20:01:45";"F";"12579";"150";"249";"0";"0.398";"0.0"
"3087005";"2020-10-13";"20:01:49";"SPEC";"";"PAR: - 32768; Depth: 0.1; Temp.: 30.1 ";""
"3087245";"2020-10-13";"20:01:49";"F";"12580";"288";"457";"0";"0.370";"0.0"
"3091005";"2020-10-13";"20:01:53";"SPEC";"";"PAR: - 32768; Depth: 0.1; Temp.: 30.1 ";""
"3099345";"2020-10-13";"20:02:01";"F";"12581";"279";"473";"0";"0.410";"0.0"
"3103005";"2020-10-13";"20:02:05";"SPEC";"";"PAR: - 32768; Depth: 0.1; Temp.: 30.1 ";""
"3103025";"2020-10-13";"20:02:05";"F";"12582";"305";"487";"0";"0.374";"0.0"
"3107005";"2020-10-13";"20:02:09";"SPEC";"";"PAR: - 32768; Depth: 0.1; Temp.: 30.1 ";""
"3118395";"2020-10-13";"20:02:20";"F";"12583";"257";"613";"0";"0.581";"0.0"
"3122005";"2020-10-13";"20:02:24";"SPEC";"";"PAR: - 32768; Depth: 0.1; Temp.: 30.2 ";""
"3122065";"2020-10-13";"20:02:24";"F";"12584";"161";"404";"0";"0.601";"0.0"
"3126005";"2020-10-13";"20:02:28";"SPEC";"";"PAR: - 32768; Depth: 0.1; Temp.: 30.2 ";""
"3133965";"2020-10-13";"20:02:35";"F";"12585";"161";"265";"0";"0.392";"0.0"
"3137005";"2020-10-13";"20:02:39";"SPEC";"";"PAR: - 32768; Depth: 0.1; Temp.: 30.1 ";""
"3137335";"2020-10-13";"20:02:39";"F";"12586";"208";"375";"0";"0.445";"0.0"
"3142005";"2020-10-13";"20:02:44";"SPEC";"";"PAR: - 32768; Depth: 0.1; Temp.: 30.2 ";""
"3144025";"2020-10-13";"20:02:46";"F";"12587";"163";"219";"0";"0.256";"0.0"
"3149005";"2020-10-13";"20:02:51";"SPEC";"";"PAR: - 32768; Depth: 0.1; Temp.: 30.2 ";""
"3159905";"2020-10-13";"20:03:01";"F";"12588";"264";"439";"0";"0.399";"0.0"
"3164005";"2020-10-13";"20:03:06";"SPEC";"";"PAR: - 32768; Depth: 0.1; Temp.: 30.2 ";""
"3165325";"2020-10-13";"20:03:07";"F";"12589";"344";"628";"0";"0.452";"0.0"
"3169005";"2020-10-13";"20:03:11";"SPEC";"";"PAR: - 32768; Depth: 0.1; Temp.: 30.2 ";""
"3170685";"2020-10-13";"20:03:12";"F";"12590";"314";"586";"0";"0.464";"0.0"
"3175005";"2020-10-13";"20:03:17";"SPEC";"";"PAR: - 32768; Depth: 0.1; Temp.: 30.2 ";""
"3184415";"2020-10-13";"20:03:26";"F";"12591";"381";"684";"0";"0.443";"0.0"
"3188005";"2020-10-13";"20:03:30";"SPEC";"";"PAR: - 32768; Depth: 0.1; Temp.: 30.2 ";""
"3197605";"2020-10-13";"20:03:39";"F";"12592";"262";"508";"0";"0.484";"0.0"
"3202005";"2020-10-13";"20:03:44";"SPEC";"";"PAR: - 32768; Depth: 0.1; Temp.: 30.2 ";""
"3202915";"2020-10-13";"20:03:44";"F";"12593";"328";"620";"0";"0.471";"0.0"
"3206005";"2020-10-13";"20:03:48";"SPEC";"";"PAR: - 32768; Depth: 0.1; Temp.: 30.2 ";""
"3208435";"2020-10-13";"20:03:50";"F";"12594";"235";"380";"0";"0.382";"0.0"
"3212005";"2020-10-13";"20:03:54";"SPEC";"";"PAR: - 32768; Depth: 0.1; Temp.: 30.2 ";""
"3214775";"2020-10-13";"20:03:56";"F";"12595";"155";"239";"0";"0.351";"0.0"
"3214780";"2020-10-13";"20:03:56";"SCHE";"";"Chart stop ";""
"3219005";"2020-10-13";"20:04:01";"SPEC";"";"PAR: - 32768; Depth: 0.1; Temp.: 30.2 ";""
"3224000";"2020-10-13";"20:04:05";"SCHS";"";"Chart start ";""
"3224005";"2020-10-13";"20:04:06";"C";"";"File Nr. 501 | File Dev. ID #1, DIVING-PAM-II:  ";""
"3277345";"2020-10-13";"20:04:59";"F";"12596";"171";"470";"0";"0.636";"0.0"
"3282005";"2020-10-13";"20:05:04";"SPEC";"";"PAR: - 32768; Depth: 0.1; Temp.: 30.3 ";""
"3307025";"2020-10-13";"20:05:29";"F";"12597";"171";"495";"0";"0.655";"0.0"
"3312005";"2020-10-13";"20:05:34";"SPEC";"";"PAR: - 32768; Depth: 0.1; Temp.: 30.2 ";""
"3315155";"2020-10-13";"20:05:37";"F";"12598";"231";"616";"0";"0.625";"0.0"
"3319005";"2020-10-13";"20:05:41";"SPEC";"";"PAR: - 32768; Depth: 0.1; Temp.: 30.3 ";""
"3320035";"2020-10-13";"20:05:42";"F";"12599";"269";"934";"0";"0.712";"0.0"
"3324005";"2020-10-13";"20:05:46";"SPEC";"";"PAR: - 32768; Depth: 0.1; Temp.: 30.2 ";""
"3324045";"2020-10-13";"20:05:46";"F";"12600";"292";"775";"0";"0.623";"0.0"
"3329005";"2020-10-13";"20:05:51";"SPEC";"";"PAR: - 32768; Depth: 0.1; Temp.: 30.3 ";""
"3329235";"2020-10-13";"20:05:51";"F";"12601";"306";"816";"0";"0.625";"0.0"
"3334005";"2020-10-13";"20:05:56";"SPEC";"";"PAR: - 32768; Depth: 0.1; Temp.: 30.3 ";""
"3339935";"2020-10-13";"20:06:01";"F";"12602";"275";"834";"0";"0.670";"0.0"
"3343255";"2020-10-13";"20:06:05";"F";"12603";"293";"834";"0";"0.649";"0.0"
"3344005";"2020-10-13";"20:06:06";"SPEC";"";"PAR: - 32768; Depth: 0.1; Temp.: 30.3 ";""
"3348005";"2020-10-13";"20:06:10";"SPEC";"";"PAR: - 32768; Depth: 0.1; Temp.: 30.3 ";""
"3350395";"2020-10-13";"20:06:12";"F";"12604";"284";"783";"0";"0.637";"0.0"
"3354005";"2020-10-13";"20:06:16";"SPEC";"";"PAR: - 32768; Depth: 0.1; Temp.: 30.3 ";""
"3354855";"2020-10-13";"20:06:16";"F";"12605";"230";"589";"0";"0.610";"0.0"
"3359005";"2020-10-13";"20:06:21";"SPEC";"";"PAR: - 32768; Depth: 0.1; Temp.: 30.3 ";""
"3366795";"2020-10-13";"20:06:28";"F";"12606";"257";"753";"0";"0.659";"0.0"
"3371005";"2020-10-13";"20:06:33";"SPEC";"";"PAR: - 32768; Depth: 0.1; Temp.: 30.3 ";""
"3371115";"2020-10-13";"20:06:33";"F";"12607";"280";"784";"0";"0.643";"0.0"
"3375005";"2020-10-13";"20:06:37";"SPEC";"";"PAR: - 32768; Depth: 0.1; Temp.: 30.3 ";""
"3375845";"2020-10-13";"20:06:37";"F";"12608";"196";"497";"0";"0.606";"0.0"
"3380005";"2020-10-13";"20:06:42";"SPEC";"";"PAR: - 32768; Depth: 0.1; Temp.: 30.3 ";""
"3381705";"2020-10-13";"20:06:43";"F";"12609";"178";"507";"0";"0.649";"0.0"
"3385005";"2020-10-13";"20:06:47";"SPEC";"";"PAR: - 32768; Depth: 0.1; Temp.: 30.3 ";""
"3387325";"2020-10-13";"20:06:49";"F";"12610";"254";"702";"0";"0.638";"0.0"
"3392005";"2020-10-13";"20:06:54";"SPEC";"";"PAR: - 32768; Depth: 0.1; Temp.: 30.3 ";""
"3392695";"2020-10-13";"20:06:54";"F";"12611";"183";"446";"0";"0.590";"0.0"
"3395115";"2020-10-13";"20:06:57";"F";"12612";"227";"581";"0";"0.609";"0.0"
"3396005";"2020-10-13";"20:06:58";"SPEC";"";"PAR: - 32768; Depth: 0.1; Temp.: 30.3 ";""
"3400005";"2020-10-13";"20:07:02";"SPEC";"";"PAR: - 32768; Depth: 0.1; Temp.: 30.3 ";""
"3403105";"2020-10-13";"20:07:05";"F";"12613";"257";"680";"0";"0.622";"0.0"
"3407825";"2020-10-13";"20:07:09";"F";"12614";"271";"679";"0";"0.601";"0.0"
"3408005";"2020-10-13";"20:07:10";"SPEC";"";"PAR: - 32768; Depth: 0.1; Temp.: 30.3 ";""
"3412005";"2020-10-13";"20:07:14";"SPEC";"";"PAR: - 32768; Depth: 0.1; Temp.: 30.3 ";""
"3418545";"2020-10-13";"20:07:20";"F";"12615";"228";"642";"0";"0.645";"0.0"
"3423005";"2020-10-13";"20:07:25";"SPEC";"";"PAR: - 32768; Depth: 0.1; Temp.: 30.3 ";""
"3429155";"2020-10-13";"20:07:31";"F";"12616";"194";"499";"0";"0.611";"0.0"
"3434005";"2020-10-13";"20:07:36";"SPEC";"";"PAR: - 32768; Depth: 0.1; Temp.: 30.3 ";""
"3439395";"2020-10-13";"20:07:41";"F";"12617";"123";"123";"0";"0.000";"0.0"
"3444005";"2020-10-13";"20:07:46";"SPEC";"";"PAR: - 32768; Depth: 0.1; Temp.: 30.3 ";""
"3444225";"2020-10-13";"20:07:46";"F";"12618";"215";"637";"0";"0.662";"0.0"
"3449005";"2020-10-13";"20:07:51";"SPEC";"";"PAR: - 32768; Depth: 0.1; Temp.: 30.3 ";""
"3465415";"2020-10-13";"20:08:07";"F";"12619";"200";"569";"0";"0.649";"0.0"
"3469005";"2020-10-13";"20:08:11";"SPEC";"";"PAR: - 32768; Depth: 0.1; Temp.: 30.3 ";""
"3470115";"2020-10-13";"20:08:12";"F";"12620";"237";"666";"0";"0.644";"0.0"
"3474665";"2020-10-13";"20:08:16";"F";"12621";"319";"713";"0";"0.553";"0.0"
"3475005";"2020-10-13";"20:08:17";"SPEC";"";"PAR: - 32768; Depth: 0.1; Temp.: 30.3 ";""
"3479005";"2020-10-13";"20:08:21";"SPEC";"";"PAR: - 32768; Depth: 0.1; Temp.: 30.3 ";""
"3479765";"2020-10-13";"20:08:21";"F";"12622";"155";"232";"0";"0.332";"0.0"
"3484005";"2020-10-13";"20:08:26";"SPEC";"";"PAR: - 32768; Depth: 0.1; Temp.: 30.3 ";""
"3489965";"2020-10-13";"20:08:31";"F";"12623";"157";"398";"0";"0.606";"0.0"
"3493005";"2020-10-13";"20:08:35";"SPEC";"";"PAR: - 32768; Depth: 0.1; Temp.: 30.3 ";""
"3495375";"2020-10-13";"20:08:37";"F";"12624";"197";"453";"0";"0.565";"0.0"
"3500005";"2020-10-13";"20:08:42";"SPEC";"";"PAR: - 32768; Depth: 0.1; Temp.: 30.3 ";""
"3504165";"2020-10-13";"20:08:46";"F";"12625";"177";"463";"0";"0.618";"0.0"
"3507375";"2020-10-13";"20:08:49";"F";"12626";"173";"407";"0";"0.575";"0.0"
"3509005";"2020-10-13";"20:08:51";"SPEC";"";"PAR: - 32768; Depth: 0.1; Temp.: 30.3 ";""
"3512005";"2020-10-13";"20:08:54";"SPEC";"";"PAR: - 32768; Depth: 0.1; Temp.: 30.3 ";""
"3515745";"2020-10-13";"20:08:57";"F";"12627";"215";"672";"0";"0.680";"0.0"
"3519025";"2020-10-13";"20:09:01";"F";"12628";"227";"761";"0";"0.702";"0.0"
"3520005";"2020-10-13";"20:09:02";"SPEC";"";"PAR: - 32768; Depth: 0.1; Temp.: 30.3 ";""
"3524005";"2020-10-13";"20:09:06";"SPEC";"";"PAR: - 32768; Depth: 0.1; Temp.: 30.3 ";""
"3529575";"2020-10-13";"20:09:11";"F";"12629";"150";"410";"0";"0.634";"0.0"
"3533725";"2020-10-13";"20:09:15";"F";"12630";"165";"602";"0";"0.726";"0.0"
"3534005";"2020-10-13";"20:09:16";"SPEC";"";"PAR: - 32768; Depth: 0.1; Temp.: 30.3 ";""
"3538005";"2020-10-13";"20:09:20";"SPEC";"";"PAR: - 32768; Depth: 0.1; Temp.: 30.3 ";""
"3540285";"2020-10-13";"20:09:22";"F";"12631";"214";"922";"0";"0.768";"0.0"
"3545005";"2020-10-13";"20:09:27";"SPEC";"";"PAR: - 32768; Depth: 0.1; Temp.: 30.3 ";""
"3556185";"2020-10-13";"20:09:38";"F";"12632";"172";"499";"0";"0.655";"0.0"
"3561005";"2020-10-13";"20:09:43";"SPEC";"";"PAR: - 32768; Depth: 0.1; Temp.: 30.3 ";""
"3562925";"2020-10-13";"20:09:44";"F";"12633";"305";"843";"0";"0.638";"0.0"
"3567005";"2020-10-13";"20:09:49";"SPEC";"";"PAR: - 32768; Depth: 0.1; Temp.: 30.3 ";""
"3585035";"2020-10-13";"20:10:07";"F";"12634";"290";"743";"0";"0.610";"0.0"
"3590005";"2020-10-13";"20:10:12";"SPEC";"";"PAR: - 32768; Depth: 0.1; Temp.: 30.4 ";""
"3590235";"2020-10-13";"20:10:12";"F";"12635";"267";"696";"0";"0.616";"0.0"
"3595005";"2020-10-13";"20:10:17";"SPEC";"";"PAR: - 32768; Depth: 0.1; Temp.: 30.3 ";""
"3597155";"2020-10-13";"20:10:19";"F";"12636";"290";"819";"0";"0.646";"0.0"
"3602005";"2020-10-13";"20:10:24";"SPEC";"";"PAR: - 32768; Depth: 0.1; Temp.: 30.3 ";""
"3606595";"2020-10-13";"20:10:28";"F";"12637";"214";"726";"0";"0.705";"0.0"
"3611005";"2020-10-13";"20:10:33";"SPEC";"";"PAR: - 32768; Depth: 0.1; Temp.: 30.3 ";""
"3618465";"2020-10-13";"20:10:40";"F";"12638";"182";"584";"0";"0.688";"0.0"
"3623005";"2020-10-13";"20:10:45";"SPEC";"";"PAR: - 32768; Depth: 0.1; Temp.: 30.4 ";""
"3624075";"2020-10-13";"20:10:46";"F";"12639";"191";"482";"0";"0.604";"0.0"
"3629005";"2020-10-13";"20:10:51";"SPEC";"";"PAR: - 32768; Depth: 0.1; Temp.: 30.4 ";""
"3631465";"2020-10-13";"20:10:53";"F";"12640";"258";"744";"0";"0.653";"0.0"
"3636005";"2020-10-13";"20:10:58";"SPEC";"";"PAR: - 32768; Depth: 0.1; Temp.: 30.3 ";""
"3641585";"2020-10-13";"20:11:03";"F";"12641";"203";"615";"0";"0.670";"0.0"
"3644625";"2020-10-13";"20:11:06";"F";"12642";"230";"635";"0";"0.638";"0.0"
"3645005";"2020-10-13";"20:11:07";"SPEC";"";"PAR: - 32768; Depth: 0.1; Temp.: 30.4 ";""
"3649005";"2020-10-13";"20:11:11";"SPEC";"";"PAR: - 32768; Depth: 0.1; Temp.: 30.4 ";""
"3654915";"2020-10-13";"20:11:16";"F";"12643";"171";"518";"0";"0.670";"0.0"
"3658845";"2020-10-13";"20:11:20";"F";"12644";"167";"705";"0";"0.763";"0.0"
"3659005";"2020-10-13";"20:11:21";"SPEC";"";"PAR: - 32768; Depth: 0.1; Temp.: 30.4 ";""
"3663005";"2020-10-13";"20:11:25";"SPEC";"";"PAR: - 32768; Depth: 0.1; Temp.: 30.4 ";""
"3665155";"2020-10-13";"20:11:27";"F";"12645";"226";"632";"0";"0.642";"0.0"
"3669005";"2020-10-13";"20:11:31";"SPEC";"";"PAR: - 32768; Depth: 0.1; Temp.: 30.4 ";""
"3674745";"2020-10-13";"20:11:36";"F";"12646";"196";"585";"0";"0.665";"0.0"
"3679005";"2020-10-13";"20:11:41";"SPEC";"";"PAR: - 32768; Depth: 0.1; Temp.: 30.4 ";""
"3684005";"2020-10-13";"20:11:46";"F";"12647";"225";"671";"0";"0.665";"0.0"
"3684010";"2020-10-13";"20:11:46";"SCHE";"";"Chart stop ";""
"3688005";"2020-10-13";"20:11:50";"SPEC";"";"PAR: - 32768; Depth: 0.1; Temp.: 30.4 ";""
"3735000";"2020-10-13";"20:12:36";"SCHS";"";"Chart start ";""
"3735005";"2020-10-13";"20:12:37";"C";"";"File Nr. 502 | File Dev. ID #1, DIVING-PAM-II:  ";""
"3735010";"2020-10-13";"20:12:37";"SCHE";"";"Chart stop ";""
